--
-- PostgreSQL database dump
--

-- Dumped from database version 11.11
-- Dumped by pg_dump version 13.3

-- Started on 2021-12-03 15:56:47 MST

-- SET statement_timeout = 0;
-- SET lock_timeout = 0;
-- SET idle_in_transaction_session_timeout = 0;
-- SET client_encoding = 'UTF8';
-- SET standard_conforming_strings = on;
-- SELECT pg_catalog.set_config('search_path', '', false);
-- SET check_function_bodies = false;
-- SET xmloption = content;
-- SET client_min_messages = warning;
-- SET row_security = off;

--
-- TOC entry 10 (class 2615 OID 56689)
-- Name: value_sets; Type: SCHEMA; Schema: -; Owner: -
--

-- CREATE SCHEMA value_sets;


--
-- TOC entry 305 (class 1255 OID 56735)
-- Name: vs_change_trigger(); Type: FUNCTION; Schema: value_sets; Owner: -
--

-- CREATE FUNCTION value_sets.vs_change_trigger() RETURNS trigger
--     LANGUAGE plpgsql SECURITY DEFINER
--     AS $$
-- BEGIN
--  		IF	TG_OP = 'INSERT'
-- 		THEN
-- 			INSERT INTO value_sets.history (table_name, schema_name, operation, new_val, timestamp)
-- 				VALUES (TG_RELNAME, TG_TABLE_SCHEMA, TG_OP, row_to_json(NEW), now());
-- 			RETURN NEW;
-- 		ELSIF	TG_OP = 'UPDATE'
-- 		THEN
-- 			INSERT INTO value_sets.history (table_name, schema_name, operation, new_val, old_val, timestamp)
-- 				VALUES (TG_RELNAME, TG_TABLE_SCHEMA, TG_OP, row_to_json(NEW), row_to_json(OLD), now());
-- 			RETURN NEW;
-- 		ELSIF   TG_OP = 'DELETE'
-- 		THEN
-- 			INSERT INTO value_sets.history (table_name, schema_name, operation, old_val, timestamp)
-- 				VALUES (TG_RELNAME, TG_TABLE_SCHEMA, TG_OP, row_to_json(OLD), now());
-- 			RETURN OLD;
-- 		END IF;
-- 	END;
-- $$;


--
-- TOC entry 271 (class 1259 OID 89424)
-- Name: expansion; Type: TABLE; Schema: value_sets; Owner: -
--

CREATE TABLE value_sets.expansion (
    uuid uuid NOT NULL,
    vs_version_uuid uuid NOT NULL,
    "timestamp" time with time zone NOT NULL
);


--
-- TOC entry 272 (class 1259 OID 89429)
-- Name: expansion_member; Type: TABLE; Schema: value_sets; Owner: -
--

CREATE TABLE value_sets.expansion_member (
    expansion_uuid uuid NOT NULL,
    code character varying NOT NULL,
    display character varying NOT NULL,
    system character varying,
    version character varying
);


--
-- TOC entry 273 (class 1259 OID 89536)
-- Name: extensional_member; Type: TABLE; Schema: value_sets; Owner: -
--

CREATE TABLE value_sets.extensional_member (
    uuid uuid NOT NULL,
    code character varying NOT NULL,
    added_by character varying NOT NULL,
    vs_version_uuid uuid NOT NULL,
    terminology_version_uuid uuid NOT NULL,
    display character varying NOT NULL
);


--
-- TOC entry 243 (class 1259 OID 56695)
-- Name: history; Type: TABLE; Schema: value_sets; Owner: -
--

CREATE TABLE value_sets.history (
    id integer NOT NULL,
    "timestamp" timestamp with time zone NOT NULL,
    schema_name character varying,
    table_name character varying NOT NULL,
    operation character varying NOT NULL,
    who character varying,
    new_val json,
    old_val json
);


--
-- TOC entry 244 (class 1259 OID 56704)
-- Name: value_set; Type: TABLE; Schema: value_sets; Owner: -
--

CREATE TABLE value_sets.value_set (
    uuid uuid NOT NULL,
    name character varying NOT NULL,
    title character varying,
    publisher character varying,
    contact character varying,
    description character varying,
    immutable boolean,
    experimental boolean,
    purpose character varying,
    type character varying
);


--
-- TOC entry 242 (class 1259 OID 56693)
-- Name: value_set_history_id_seq; Type: SEQUENCE; Schema: value_sets; Owner: -
--

-- CREATE SEQUENCE value_sets.value_set_history_id_seq
--     AS integer
--     START WITH 1
--     INCREMENT BY 1
--     NO MINVALUE
--     NO MAXVALUE
--     CACHE 1;


--
-- TOC entry 4544 (class 0 OID 0)
-- Dependencies: 242
-- Name: value_set_history_id_seq; Type: SEQUENCE OWNED BY; Schema: value_sets; Owner: -
--

-- ALTER SEQUENCE value_sets.value_set_history_id_seq OWNED BY value_sets.history.id;


--
-- TOC entry 268 (class 1259 OID 86867)
-- Name: value_set_rule; Type: TABLE; Schema: value_sets; Owner: -
--

CREATE TABLE value_sets.value_set_rule (
    uuid uuid NOT NULL,
    "position" integer,
    description character varying NOT NULL,
    property character varying NOT NULL,
    operator character varying NOT NULL,
    value character varying NOT NULL,
    include boolean NOT NULL,
    value_set_version uuid NOT NULL,
    terminology_version uuid NOT NULL
);


--
-- TOC entry 245 (class 1259 OID 56716)
-- Name: value_set_version; Type: TABLE; Schema: value_sets; Owner: -
--

CREATE TABLE value_sets.value_set_version (
    uuid uuid NOT NULL,
    effective_start date,
    effective_end date,
    value_set_uuid uuid,
    status character varying,
    description character varying,
    created_date date,
    version integer NOT NULL
);


--
-- TOC entry 4374 (class 2604 OID 56698)
-- Name: history id; Type: DEFAULT; Schema: value_sets; Owner: -
--

-- ALTER TABLE ONLY value_sets.history ALTER COLUMN id SET DEFAULT nextval('value_sets.value_set_history_id_seq'::regclass);


--
-- TOC entry 4536 (class 0 OID 89424)
-- Dependencies: 271
-- Data for Name: expansion; Type: TABLE DATA; Schema: value_sets; Owner: -
--

INSERT INTO value_sets.expansion VALUES ('7b4ca28e-22f1-11ec-9653-00163e12acd0', 'f38a3352-214c-11ec-9621-0242ac130002', '19:55:07.06965+00');
INSERT INTO value_sets.expansion VALUES ('bb5859b8-22f1-11ec-9653-00163e12acd0', 'f38a3352-214c-11ec-9621-0242ac130002', '19:56:56.318925+00');
INSERT INTO value_sets.expansion VALUES ('c4087302-22f3-11ec-9653-00163e12acd0', 'f38a3352-214c-11ec-9621-0242ac130002', '20:11:24.395953+00');
INSERT INTO value_sets.expansion VALUES ('2f0460d0-5472-11ec-bd52-acde48001122', '64c5d2c2-2857-11ec-9621-0242ac130002', '19:49:49.801972+00');
INSERT INTO value_sets.expansion VALUES ('0283117a-5484-11ec-932b-acde48001122', '7d7fe5f4-216f-4cb3-bba5-50378298bd96', '21:57:27.830022+00');
INSERT INTO value_sets.expansion VALUES ('5b728894-5487-11ec-97f2-acde48001122', '7d7fe5f4-216f-4cb3-bba5-50378298bd96', '22:21:26.072665+00');


--
-- TOC entry 4537 (class 0 OID 89429)
-- Dependencies: 272
-- Data for Name: expansion_member; Type: TABLE DATA; Schema: value_sets; Owner: -
--

INSERT INTO value_sets.expansion_member VALUES ('bb5859b8-22f1-11ec-9653-00163e12acd0', 'C79.00', 'Secondary malignant neoplasm of unspecified kidney and renal pelvis', NULL, NULL);
INSERT INTO value_sets.expansion_member VALUES ('bb5859b8-22f1-11ec-9653-00163e12acd0', 'C79.52', 'Secondary malignant neoplasm of bone marrow', NULL, NULL);
INSERT INTO value_sets.expansion_member VALUES ('bb5859b8-22f1-11ec-9653-00163e12acd0', 'C79.32', 'Secondary malignant neoplasm of cerebral meninges', NULL, NULL);
INSERT INTO value_sets.expansion_member VALUES ('bb5859b8-22f1-11ec-9653-00163e12acd0', 'C79.01', 'Secondary malignant neoplasm of right kidney and renal pelvis', NULL, NULL);
INSERT INTO value_sets.expansion_member VALUES ('bb5859b8-22f1-11ec-9653-00163e12acd0', 'C79.72', 'Secondary malignant neoplasm of left adrenal gland', NULL, NULL);
INSERT INTO value_sets.expansion_member VALUES ('bb5859b8-22f1-11ec-9653-00163e12acd0', '408643008', 'Infiltrating duct carcinoma of breast (disorder)', NULL, NULL);
INSERT INTO value_sets.expansion_member VALUES ('bb5859b8-22f1-11ec-9653-00163e12acd0', '372092003', 'Primary malignant neoplasm of axillary tail of breast (disorder)', NULL, NULL);
INSERT INTO value_sets.expansion_member VALUES ('bb5859b8-22f1-11ec-9653-00163e12acd0', 'C79.89', 'Secondary malignant neoplasm of other specified sites', NULL, NULL);
INSERT INTO value_sets.expansion_member VALUES ('bb5859b8-22f1-11ec-9653-00163e12acd0', 'C79.82', 'Secondary malignant neoplasm of genital organs', NULL, NULL);
INSERT INTO value_sets.expansion_member VALUES ('bb5859b8-22f1-11ec-9653-00163e12acd0', 'C79.62', 'Secondary malignant neoplasm of left ovary', NULL, NULL);
INSERT INTO value_sets.expansion_member VALUES ('bb5859b8-22f1-11ec-9653-00163e12acd0', 'C79.61', 'Secondary malignant neoplasm of right ovary', NULL, NULL);
INSERT INTO value_sets.expansion_member VALUES ('bb5859b8-22f1-11ec-9653-00163e12acd0', '93925009', 'Primary malignant neoplasm of nipple of male breast (disorder)', NULL, NULL);
INSERT INTO value_sets.expansion_member VALUES ('bb5859b8-22f1-11ec-9653-00163e12acd0', 'C79.81', 'Secondary malignant neoplasm of breast', NULL, NULL);
INSERT INTO value_sets.expansion_member VALUES ('bb5859b8-22f1-11ec-9653-00163e12acd0', '373091001', 'Primary malignant neoplasm of breast lower outer quadrant (disorder)', NULL, NULL);
INSERT INTO value_sets.expansion_member VALUES ('bb5859b8-22f1-11ec-9653-00163e12acd0', '373089009', 'Primary malignant neoplasm of breast upper inner quadrant (disorder)', NULL, NULL);
INSERT INTO value_sets.expansion_member VALUES ('bb5859b8-22f1-11ec-9653-00163e12acd0', '93680004', 'Primary malignant neoplasm of areola of female breast (disorder)', NULL, NULL);
INSERT INTO value_sets.expansion_member VALUES ('bb5859b8-22f1-11ec-9653-00163e12acd0', '254838004', 'Carcinoma of breast (disorder)', NULL, NULL);
INSERT INTO value_sets.expansion_member VALUES ('bb5859b8-22f1-11ec-9653-00163e12acd0', '373090000', 'Primary malignant neoplasm of breast lower inner quadrant (disorder)', NULL, NULL);
INSERT INTO value_sets.expansion_member VALUES ('bb5859b8-22f1-11ec-9653-00163e12acd0', '93884005', 'Primary malignant neoplasm of male breast (disorder)', NULL, NULL);
INSERT INTO value_sets.expansion_member VALUES ('bb5859b8-22f1-11ec-9653-00163e12acd0', '93681000', 'Primary malignant neoplasm of areola of male breast (disorder)', NULL, NULL);
INSERT INTO value_sets.expansion_member VALUES ('bb5859b8-22f1-11ec-9653-00163e12acd0', '722832009', 'Primary solid papillary carcinoma with invasion of breast (disorder)', NULL, NULL);
INSERT INTO value_sets.expansion_member VALUES ('bb5859b8-22f1-11ec-9653-00163e12acd0', '763479005', 'Metaplastic carcinoma of breast (disorder)', NULL, NULL);
INSERT INTO value_sets.expansion_member VALUES ('bb5859b8-22f1-11ec-9653-00163e12acd0', '1082901000112103', 'Primary malignant neoplasm of breast with axillary lymph node invasion (disorder)', NULL, NULL);
INSERT INTO value_sets.expansion_member VALUES ('bb5859b8-22f1-11ec-9653-00163e12acd0', '254844000', 'Malignant phyllodes tumor of breast (disorder)', NULL, NULL);
INSERT INTO value_sets.expansion_member VALUES ('bb5859b8-22f1-11ec-9653-00163e12acd0', '254839007', 'Scirrhous carcinoma of breast (disorder)', NULL, NULL);
INSERT INTO value_sets.expansion_member VALUES ('bb5859b8-22f1-11ec-9653-00163e12acd0', '431396003', 'Human epidermal growth factor 2 negative carcinoma of breast (disorder)', NULL, NULL);
INSERT INTO value_sets.expansion_member VALUES ('bb5859b8-22f1-11ec-9653-00163e12acd0', '716593008', 'Carcinoma of salivary gland type of breast (disorder)', NULL, NULL);
INSERT INTO value_sets.expansion_member VALUES ('bb5859b8-22f1-11ec-9653-00163e12acd0', '254840009', 'Inflammatory carcinoma of breast (disorder)', NULL, NULL);
INSERT INTO value_sets.expansion_member VALUES ('bb5859b8-22f1-11ec-9653-00163e12acd0', 'C79.49', 'Secondary malignant neoplasm of other parts of nervous system', NULL, NULL);
INSERT INTO value_sets.expansion_member VALUES ('bb5859b8-22f1-11ec-9653-00163e12acd0', 'C79.9', 'Secondary malignant neoplasm of unspecified site', NULL, NULL);
INSERT INTO value_sets.expansion_member VALUES ('bb5859b8-22f1-11ec-9653-00163e12acd0', '255068000', 'Carcinoma of bone, connective tissue, skin and breast (disorder)', NULL, NULL);
INSERT INTO value_sets.expansion_member VALUES ('bb5859b8-22f1-11ec-9653-00163e12acd0', 'C79.8', 'Secondary malignant neoplasm of other specified sites', NULL, NULL);
INSERT INTO value_sets.expansion_member VALUES ('bb5859b8-22f1-11ec-9653-00163e12acd0', 'C79.19', 'Secondary malignant neoplasm of other urinary organs', NULL, NULL);
INSERT INTO value_sets.expansion_member VALUES ('bb5859b8-22f1-11ec-9653-00163e12acd0', 'C79.4', 'Secondary malignant neoplasm of other and unspecified parts of nervous system', NULL, NULL);
INSERT INTO value_sets.expansion_member VALUES ('bb5859b8-22f1-11ec-9653-00163e12acd0', '93924008', 'Primary malignant neoplasm of nipple of female breast (disorder)', NULL, NULL);
INSERT INTO value_sets.expansion_member VALUES ('bb5859b8-22f1-11ec-9653-00163e12acd0', 'C79.10', 'Secondary malignant neoplasm of unspecified urinary organs', NULL, NULL);
INSERT INTO value_sets.expansion_member VALUES ('bb5859b8-22f1-11ec-9653-00163e12acd0', '93796005', 'Primary malignant neoplasm of female breast (disorder)', NULL, NULL);
INSERT INTO value_sets.expansion_member VALUES ('bb5859b8-22f1-11ec-9653-00163e12acd0', 'C79.2', 'Secondary malignant neoplasm of skin', NULL, NULL);
INSERT INTO value_sets.expansion_member VALUES ('bb5859b8-22f1-11ec-9653-00163e12acd0', '721576006', 'Primary angiosarcoma of breast (disorder)', NULL, NULL);
INSERT INTO value_sets.expansion_member VALUES ('bb5859b8-22f1-11ec-9653-00163e12acd0', 'C79.1', 'Secondary malignant neoplasm of bladder and other and unspecified urinary organs', NULL, NULL);
INSERT INTO value_sets.expansion_member VALUES ('bb5859b8-22f1-11ec-9653-00163e12acd0', '444604002', 'Carcinoma of breast with ductal and lobular features (disorder)', NULL, NULL);
INSERT INTO value_sets.expansion_member VALUES ('bb5859b8-22f1-11ec-9653-00163e12acd0', '94012007', 'Primary malignant neoplasm of skin of breast (disorder)', NULL, NULL);
INSERT INTO value_sets.expansion_member VALUES ('bb5859b8-22f1-11ec-9653-00163e12acd0', 'C79.31', 'Secondary malignant neoplasm of brain', NULL, NULL);
INSERT INTO value_sets.expansion_member VALUES ('bb5859b8-22f1-11ec-9653-00163e12acd0', 'C79.11', 'Secondary malignant neoplasm of bladder', NULL, NULL);
INSERT INTO value_sets.expansion_member VALUES ('bb5859b8-22f1-11ec-9653-00163e12acd0', 'C79.0', 'Secondary malignant neoplasm of kidney and renal pelvis', NULL, NULL);
INSERT INTO value_sets.expansion_member VALUES ('bb5859b8-22f1-11ec-9653-00163e12acd0', '278054005', 'Lobular carcinoma of breast (disorder)', NULL, NULL);
INSERT INTO value_sets.expansion_member VALUES ('bb5859b8-22f1-11ec-9653-00163e12acd0', 'C79.7', 'Secondary malignant neoplasm of adrenal gland', NULL, NULL);
INSERT INTO value_sets.expansion_member VALUES ('bb5859b8-22f1-11ec-9653-00163e12acd0', '188157005', 'Malignant neoplasm, overlapping lesion of breast (disorder)', NULL, NULL);
INSERT INTO value_sets.expansion_member VALUES ('bb5859b8-22f1-11ec-9653-00163e12acd0', '783541009', 'Breast implant–associated anaplastic large-cell lymphoma (disorder)', NULL, NULL);
INSERT INTO value_sets.expansion_member VALUES ('bb5859b8-22f1-11ec-9653-00163e12acd0', '444712000', 'Mucinous carcinoma of breast (disorder)', NULL, NULL);
INSERT INTO value_sets.expansion_member VALUES ('bb5859b8-22f1-11ec-9653-00163e12acd0', 'C79.6', 'Secondary malignant neoplasm of ovary', NULL, NULL);
INSERT INTO value_sets.expansion_member VALUES ('bb5859b8-22f1-11ec-9653-00163e12acd0', 'C79.40', 'Secondary malignant neoplasm of unspecified part of nervous system', NULL, NULL);
INSERT INTO value_sets.expansion_member VALUES ('bb5859b8-22f1-11ec-9653-00163e12acd0', 'C79.3', 'Secondary malignant neoplasm of brain and cerebral meninges', NULL, NULL);
INSERT INTO value_sets.expansion_member VALUES ('bb5859b8-22f1-11ec-9653-00163e12acd0', 'C79.5', 'Secondary malignant neoplasm of bone and bone marrow', NULL, NULL);
INSERT INTO value_sets.expansion_member VALUES ('bb5859b8-22f1-11ec-9653-00163e12acd0', 'C79.60', 'Secondary malignant neoplasm of unspecified ovary', NULL, NULL);
INSERT INTO value_sets.expansion_member VALUES ('bb5859b8-22f1-11ec-9653-00163e12acd0', 'C79.51', 'Secondary malignant neoplasm of bone', NULL, NULL);
INSERT INTO value_sets.expansion_member VALUES ('bb5859b8-22f1-11ec-9653-00163e12acd0', '459411000124109', 'Metastasis from collecting duct carcinoma of nipple (disorder)', NULL, NULL);
INSERT INTO value_sets.expansion_member VALUES ('bb5859b8-22f1-11ec-9653-00163e12acd0', 'C79.71', 'Secondary malignant neoplasm of right adrenal gland', NULL, NULL);
INSERT INTO value_sets.expansion_member VALUES ('bb5859b8-22f1-11ec-9653-00163e12acd0', '93776002', 'Primary malignant neoplasm of ectopic female breast tissue (disorder)', NULL, NULL);
INSERT INTO value_sets.expansion_member VALUES ('bb5859b8-22f1-11ec-9653-00163e12acd0', 'C79.02', 'Secondary malignant neoplasm of left kidney and renal pelvis', NULL, NULL);
INSERT INTO value_sets.expansion_member VALUES ('bb5859b8-22f1-11ec-9653-00163e12acd0', 'C79.70', 'Secondary malignant neoplasm of unspecified adrenal gland', NULL, NULL);
INSERT INTO value_sets.expansion_member VALUES ('bb5859b8-22f1-11ec-9653-00163e12acd0', '373088001', 'Primary malignant neoplasm of breast upper outer quadrant (disorder)', NULL, NULL);
INSERT INTO value_sets.expansion_member VALUES ('c4087302-22f3-11ec-9653-00163e12acd0', 'C79.00', 'Secondary malignant neoplasm of unspecified kidney and renal pelvis', NULL, NULL);
INSERT INTO value_sets.expansion_member VALUES ('c4087302-22f3-11ec-9653-00163e12acd0', 'C79.52', 'Secondary malignant neoplasm of bone marrow', NULL, NULL);
INSERT INTO value_sets.expansion_member VALUES ('c4087302-22f3-11ec-9653-00163e12acd0', 'C79.32', 'Secondary malignant neoplasm of cerebral meninges', NULL, NULL);
INSERT INTO value_sets.expansion_member VALUES ('c4087302-22f3-11ec-9653-00163e12acd0', 'C79.01', 'Secondary malignant neoplasm of right kidney and renal pelvis', NULL, NULL);
INSERT INTO value_sets.expansion_member VALUES ('c4087302-22f3-11ec-9653-00163e12acd0', 'C79.72', 'Secondary malignant neoplasm of left adrenal gland', NULL, NULL);
INSERT INTO value_sets.expansion_member VALUES ('c4087302-22f3-11ec-9653-00163e12acd0', '408643008', 'Infiltrating duct carcinoma of breast (disorder)', NULL, NULL);
INSERT INTO value_sets.expansion_member VALUES ('c4087302-22f3-11ec-9653-00163e12acd0', '372092003', 'Primary malignant neoplasm of axillary tail of breast (disorder)', NULL, NULL);
INSERT INTO value_sets.expansion_member VALUES ('c4087302-22f3-11ec-9653-00163e12acd0', 'C79.89', 'Secondary malignant neoplasm of other specified sites', NULL, NULL);
INSERT INTO value_sets.expansion_member VALUES ('c4087302-22f3-11ec-9653-00163e12acd0', 'C79.82', 'Secondary malignant neoplasm of genital organs', NULL, NULL);
INSERT INTO value_sets.expansion_member VALUES ('c4087302-22f3-11ec-9653-00163e12acd0', 'C79.62', 'Secondary malignant neoplasm of left ovary', NULL, NULL);
INSERT INTO value_sets.expansion_member VALUES ('c4087302-22f3-11ec-9653-00163e12acd0', 'C79.61', 'Secondary malignant neoplasm of right ovary', NULL, NULL);
INSERT INTO value_sets.expansion_member VALUES ('c4087302-22f3-11ec-9653-00163e12acd0', '93925009', 'Primary malignant neoplasm of nipple of male breast (disorder)', NULL, NULL);
INSERT INTO value_sets.expansion_member VALUES ('c4087302-22f3-11ec-9653-00163e12acd0', 'C79.81', 'Secondary malignant neoplasm of breast', NULL, NULL);
INSERT INTO value_sets.expansion_member VALUES ('c4087302-22f3-11ec-9653-00163e12acd0', '373091001', 'Primary malignant neoplasm of breast lower outer quadrant (disorder)', NULL, NULL);
INSERT INTO value_sets.expansion_member VALUES ('c4087302-22f3-11ec-9653-00163e12acd0', '373089009', 'Primary malignant neoplasm of breast upper inner quadrant (disorder)', NULL, NULL);
INSERT INTO value_sets.expansion_member VALUES ('c4087302-22f3-11ec-9653-00163e12acd0', '93680004', 'Primary malignant neoplasm of areola of female breast (disorder)', NULL, NULL);
INSERT INTO value_sets.expansion_member VALUES ('c4087302-22f3-11ec-9653-00163e12acd0', '254838004', 'Carcinoma of breast (disorder)', NULL, NULL);
INSERT INTO value_sets.expansion_member VALUES ('c4087302-22f3-11ec-9653-00163e12acd0', '373090000', 'Primary malignant neoplasm of breast lower inner quadrant (disorder)', NULL, NULL);
INSERT INTO value_sets.expansion_member VALUES ('c4087302-22f3-11ec-9653-00163e12acd0', '93884005', 'Primary malignant neoplasm of male breast (disorder)', NULL, NULL);
INSERT INTO value_sets.expansion_member VALUES ('c4087302-22f3-11ec-9653-00163e12acd0', '93681000', 'Primary malignant neoplasm of areola of male breast (disorder)', NULL, NULL);
INSERT INTO value_sets.expansion_member VALUES ('c4087302-22f3-11ec-9653-00163e12acd0', '722832009', 'Primary solid papillary carcinoma with invasion of breast (disorder)', NULL, NULL);
INSERT INTO value_sets.expansion_member VALUES ('c4087302-22f3-11ec-9653-00163e12acd0', '763479005', 'Metaplastic carcinoma of breast (disorder)', NULL, NULL);
INSERT INTO value_sets.expansion_member VALUES ('c4087302-22f3-11ec-9653-00163e12acd0', '1082901000112103', 'Primary malignant neoplasm of breast with axillary lymph node invasion (disorder)', NULL, NULL);
INSERT INTO value_sets.expansion_member VALUES ('c4087302-22f3-11ec-9653-00163e12acd0', '254844000', 'Malignant phyllodes tumor of breast (disorder)', NULL, NULL);
INSERT INTO value_sets.expansion_member VALUES ('c4087302-22f3-11ec-9653-00163e12acd0', '254839007', 'Scirrhous carcinoma of breast (disorder)', NULL, NULL);
INSERT INTO value_sets.expansion_member VALUES ('c4087302-22f3-11ec-9653-00163e12acd0', '431396003', 'Human epidermal growth factor 2 negative carcinoma of breast (disorder)', NULL, NULL);
INSERT INTO value_sets.expansion_member VALUES ('c4087302-22f3-11ec-9653-00163e12acd0', '716593008', 'Carcinoma of salivary gland type of breast (disorder)', NULL, NULL);
INSERT INTO value_sets.expansion_member VALUES ('c4087302-22f3-11ec-9653-00163e12acd0', '254840009', 'Inflammatory carcinoma of breast (disorder)', NULL, NULL);
INSERT INTO value_sets.expansion_member VALUES ('c4087302-22f3-11ec-9653-00163e12acd0', 'C79.49', 'Secondary malignant neoplasm of other parts of nervous system', NULL, NULL);
INSERT INTO value_sets.expansion_member VALUES ('c4087302-22f3-11ec-9653-00163e12acd0', 'C79.9', 'Secondary malignant neoplasm of unspecified site', NULL, NULL);
INSERT INTO value_sets.expansion_member VALUES ('c4087302-22f3-11ec-9653-00163e12acd0', '255068000', 'Carcinoma of bone, connective tissue, skin and breast (disorder)', NULL, NULL);
INSERT INTO value_sets.expansion_member VALUES ('c4087302-22f3-11ec-9653-00163e12acd0', 'C79.8', 'Secondary malignant neoplasm of other specified sites', NULL, NULL);
INSERT INTO value_sets.expansion_member VALUES ('c4087302-22f3-11ec-9653-00163e12acd0', 'C79.19', 'Secondary malignant neoplasm of other urinary organs', NULL, NULL);
INSERT INTO value_sets.expansion_member VALUES ('c4087302-22f3-11ec-9653-00163e12acd0', 'C79.4', 'Secondary malignant neoplasm of other and unspecified parts of nervous system', NULL, NULL);
INSERT INTO value_sets.expansion_member VALUES ('c4087302-22f3-11ec-9653-00163e12acd0', '93924008', 'Primary malignant neoplasm of nipple of female breast (disorder)', NULL, NULL);
INSERT INTO value_sets.expansion_member VALUES ('c4087302-22f3-11ec-9653-00163e12acd0', 'C79.10', 'Secondary malignant neoplasm of unspecified urinary organs', NULL, NULL);
INSERT INTO value_sets.expansion_member VALUES ('c4087302-22f3-11ec-9653-00163e12acd0', '93796005', 'Primary malignant neoplasm of female breast (disorder)', NULL, NULL);
INSERT INTO value_sets.expansion_member VALUES ('c4087302-22f3-11ec-9653-00163e12acd0', 'C79.2', 'Secondary malignant neoplasm of skin', NULL, NULL);
INSERT INTO value_sets.expansion_member VALUES ('c4087302-22f3-11ec-9653-00163e12acd0', '721576006', 'Primary angiosarcoma of breast (disorder)', NULL, NULL);
INSERT INTO value_sets.expansion_member VALUES ('c4087302-22f3-11ec-9653-00163e12acd0', 'C79.1', 'Secondary malignant neoplasm of bladder and other and unspecified urinary organs', NULL, NULL);
INSERT INTO value_sets.expansion_member VALUES ('c4087302-22f3-11ec-9653-00163e12acd0', '444604002', 'Carcinoma of breast with ductal and lobular features (disorder)', NULL, NULL);
INSERT INTO value_sets.expansion_member VALUES ('c4087302-22f3-11ec-9653-00163e12acd0', '94012007', 'Primary malignant neoplasm of skin of breast (disorder)', NULL, NULL);
INSERT INTO value_sets.expansion_member VALUES ('c4087302-22f3-11ec-9653-00163e12acd0', 'C79.31', 'Secondary malignant neoplasm of brain', NULL, NULL);
INSERT INTO value_sets.expansion_member VALUES ('c4087302-22f3-11ec-9653-00163e12acd0', 'C79.11', 'Secondary malignant neoplasm of bladder', NULL, NULL);
INSERT INTO value_sets.expansion_member VALUES ('c4087302-22f3-11ec-9653-00163e12acd0', 'C79.0', 'Secondary malignant neoplasm of kidney and renal pelvis', NULL, NULL);
INSERT INTO value_sets.expansion_member VALUES ('c4087302-22f3-11ec-9653-00163e12acd0', '278054005', 'Lobular carcinoma of breast (disorder)', NULL, NULL);
INSERT INTO value_sets.expansion_member VALUES ('c4087302-22f3-11ec-9653-00163e12acd0', 'C79.7', 'Secondary malignant neoplasm of adrenal gland', NULL, NULL);
INSERT INTO value_sets.expansion_member VALUES ('c4087302-22f3-11ec-9653-00163e12acd0', '188157005', 'Malignant neoplasm, overlapping lesion of breast (disorder)', NULL, NULL);
INSERT INTO value_sets.expansion_member VALUES ('c4087302-22f3-11ec-9653-00163e12acd0', '783541009', 'Breast implant–associated anaplastic large-cell lymphoma (disorder)', NULL, NULL);
INSERT INTO value_sets.expansion_member VALUES ('c4087302-22f3-11ec-9653-00163e12acd0', '444712000', 'Mucinous carcinoma of breast (disorder)', NULL, NULL);
INSERT INTO value_sets.expansion_member VALUES ('c4087302-22f3-11ec-9653-00163e12acd0', 'C79.6', 'Secondary malignant neoplasm of ovary', NULL, NULL);
INSERT INTO value_sets.expansion_member VALUES ('c4087302-22f3-11ec-9653-00163e12acd0', 'C79.40', 'Secondary malignant neoplasm of unspecified part of nervous system', NULL, NULL);
INSERT INTO value_sets.expansion_member VALUES ('c4087302-22f3-11ec-9653-00163e12acd0', 'C79.3', 'Secondary malignant neoplasm of brain and cerebral meninges', NULL, NULL);
INSERT INTO value_sets.expansion_member VALUES ('c4087302-22f3-11ec-9653-00163e12acd0', 'C79.5', 'Secondary malignant neoplasm of bone and bone marrow', NULL, NULL);
INSERT INTO value_sets.expansion_member VALUES ('c4087302-22f3-11ec-9653-00163e12acd0', 'C79.60', 'Secondary malignant neoplasm of unspecified ovary', NULL, NULL);
INSERT INTO value_sets.expansion_member VALUES ('c4087302-22f3-11ec-9653-00163e12acd0', 'C79.51', 'Secondary malignant neoplasm of bone', NULL, NULL);
INSERT INTO value_sets.expansion_member VALUES ('c4087302-22f3-11ec-9653-00163e12acd0', '459411000124109', 'Metastasis from collecting duct carcinoma of nipple (disorder)', NULL, NULL);
INSERT INTO value_sets.expansion_member VALUES ('c4087302-22f3-11ec-9653-00163e12acd0', 'C79.71', 'Secondary malignant neoplasm of right adrenal gland', NULL, NULL);
INSERT INTO value_sets.expansion_member VALUES ('c4087302-22f3-11ec-9653-00163e12acd0', '93776002', 'Primary malignant neoplasm of ectopic female breast tissue (disorder)', NULL, NULL);
INSERT INTO value_sets.expansion_member VALUES ('c4087302-22f3-11ec-9653-00163e12acd0', 'C79.02', 'Secondary malignant neoplasm of left kidney and renal pelvis', NULL, NULL);
INSERT INTO value_sets.expansion_member VALUES ('c4087302-22f3-11ec-9653-00163e12acd0', 'C79.70', 'Secondary malignant neoplasm of unspecified adrenal gland', NULL, NULL);
INSERT INTO value_sets.expansion_member VALUES ('c4087302-22f3-11ec-9653-00163e12acd0', '373088001', 'Primary malignant neoplasm of breast upper outer quadrant (disorder)', NULL, NULL);
INSERT INTO value_sets.expansion_member VALUES ('2f0460d0-5472-11ec-bd52-acde48001122', '214178', 'acetaminophen / butalbital', 'http://www.nlm.nih.gov/research/umls/rxnorm', '2021');
INSERT INTO value_sets.expansion_member VALUES ('2f0460d0-5472-11ec-bd52-acde48001122', '820463', 'acetaminophen / melatonin', 'http://www.nlm.nih.gov/research/umls/rxnorm', '2021');
INSERT INTO value_sets.expansion_member VALUES ('2f0460d0-5472-11ec-bd52-acde48001122', '1008252', 'acetaminophen / dextromethorphan / diphenhydrAMINE', 'http://www.nlm.nih.gov/research/umls/rxnorm', '2021');
INSERT INTO value_sets.expansion_member VALUES ('2f0460d0-5472-11ec-bd52-acde48001122', '2173666', 'acetaminophen / dextromethorphan / triprolidine', 'http://www.nlm.nih.gov/research/umls/rxnorm', '2021');
INSERT INTO value_sets.expansion_member VALUES ('2f0460d0-5472-11ec-bd52-acde48001122', '214179', 'acetaminophen / chlorpheniramine', 'http://www.nlm.nih.gov/research/umls/rxnorm', '2021');
INSERT INTO value_sets.expansion_member VALUES ('2f0460d0-5472-11ec-bd52-acde48001122', '820541', 'acetaminophen / butabarbital', 'http://www.nlm.nih.gov/research/umls/rxnorm', '2021');
INSERT INTO value_sets.expansion_member VALUES ('2f0460d0-5472-11ec-bd52-acde48001122', '1008262', 'acetaminophen / doxylamine / salicylamide', 'http://www.nlm.nih.gov/research/umls/rxnorm', '2021');
INSERT INTO value_sets.expansion_member VALUES ('2f0460d0-5472-11ec-bd52-acde48001122', '2178933', 'acetaminophen / chlorpheniramine / ePHEDrine / guaiFENesin', 'http://www.nlm.nih.gov/research/umls/rxnorm', '2021');
INSERT INTO value_sets.expansion_member VALUES ('2f0460d0-5472-11ec-bd52-acde48001122', '214180', 'acetaminophen / dextromethorphan', 'http://www.nlm.nih.gov/research/umls/rxnorm', '2021');
INSERT INTO value_sets.expansion_member VALUES ('2f0460d0-5472-11ec-bd52-acde48001122', '820701', 'acetaminophen / aspirin / salicylamide', 'http://www.nlm.nih.gov/research/umls/rxnorm', '2021');
INSERT INTO value_sets.expansion_member VALUES ('2f0460d0-5472-11ec-bd52-acde48001122', '1008295', 'acetaminophen / clemastine / pseudoephedrine', 'http://www.nlm.nih.gov/research/umls/rxnorm', '2021');
INSERT INTO value_sets.expansion_member VALUES ('2f0460d0-5472-11ec-bd52-acde48001122', '2178938', 'acetaminophen / ephedrine / guaifenesin', 'http://www.nlm.nih.gov/research/umls/rxnorm', '2021');
INSERT INTO value_sets.expansion_member VALUES ('2f0460d0-5472-11ec-bd52-acde48001122', '214181', 'acetaminophen / diphenhydramine', 'http://www.nlm.nih.gov/research/umls/rxnorm', '2021');
INSERT INTO value_sets.expansion_member VALUES ('2f0460d0-5472-11ec-bd52-acde48001122', '820749', 'acetaminophen / dipyrone', 'http://www.nlm.nih.gov/research/umls/rxnorm', '2021');
INSERT INTO value_sets.expansion_member VALUES ('2f0460d0-5472-11ec-bd52-acde48001122', '1008298', 'acetaminophen / caffeine / chlorpheniramine / hydrocodone / phenylephrine', 'http://www.nlm.nih.gov/research/umls/rxnorm', '2021');
INSERT INTO value_sets.expansion_member VALUES ('2f0460d0-5472-11ec-bd52-acde48001122', '2178938', 'acetaminophen / ePHEDrine / guaiFENesin', 'http://www.nlm.nih.gov/research/umls/rxnorm', '2021');
INSERT INTO value_sets.expansion_member VALUES ('2f0460d0-5472-11ec-bd52-acde48001122', '214181', 'acetaminophen / diphenhydrAMINE', 'http://www.nlm.nih.gov/research/umls/rxnorm', '2021');
INSERT INTO value_sets.expansion_member VALUES ('2f0460d0-5472-11ec-bd52-acde48001122', '820923', 'acetaminophen / ambroxol / oxatomide', 'http://www.nlm.nih.gov/research/umls/rxnorm', '2021');
INSERT INTO value_sets.expansion_member VALUES ('2f0460d0-5472-11ec-bd52-acde48001122', '1008298', 'acetaminophen / caffeine / chlorpheniramine / HYDROcodone / phenylephrine', 'http://www.nlm.nih.gov/research/umls/rxnorm', '2021');
INSERT INTO value_sets.expansion_member VALUES ('2f0460d0-5472-11ec-bd52-acde48001122', '214182', 'acetaminophen / HYDROcodone', 'http://www.nlm.nih.gov/research/umls/rxnorm', '2021');
INSERT INTO value_sets.expansion_member VALUES ('2f0460d0-5472-11ec-bd52-acde48001122', '823128', 'acetaminophen / styramate', 'http://www.nlm.nih.gov/research/umls/rxnorm', '2021');
INSERT INTO value_sets.expansion_member VALUES ('2f0460d0-5472-11ec-bd52-acde48001122', '1008644', 'acetaminophen / atropine / chlorpheniramine / phenylephrine', 'http://www.nlm.nih.gov/research/umls/rxnorm', '2021');
INSERT INTO value_sets.expansion_member VALUES ('2f0460d0-5472-11ec-bd52-acde48001122', '214183', 'acetaminophen / oxycodone', 'http://www.nlm.nih.gov/research/umls/rxnorm', '2021');
INSERT INTO value_sets.expansion_member VALUES ('2f0460d0-5472-11ec-bd52-acde48001122', '817466', 'acetaminophen / thiocolchicoside', 'http://www.nlm.nih.gov/research/umls/rxnorm', '2021');
INSERT INTO value_sets.expansion_member VALUES ('2f0460d0-5472-11ec-bd52-acde48001122', '1008554', 'acetaminophen / codeine / magnesium salicylate / phenyltoloxamine', 'http://www.nlm.nih.gov/research/umls/rxnorm', '2021');
INSERT INTO value_sets.expansion_member VALUES ('2f0460d0-5472-11ec-bd52-acde48001122', '214183', 'acetaminophen / oxyCODONE', 'http://www.nlm.nih.gov/research/umls/rxnorm', '2021');
INSERT INTO value_sets.expansion_member VALUES ('2f0460d0-5472-11ec-bd52-acde48001122', '1006887', 'acetaminophen / doxylamine / phenylephrine', 'http://www.nlm.nih.gov/research/umls/rxnorm', '2021');
INSERT INTO value_sets.expansion_member VALUES ('2f0460d0-5472-11ec-bd52-acde48001122', '1008561', 'acetaminophen / naproxen', 'http://www.nlm.nih.gov/research/umls/rxnorm', '2021');
INSERT INTO value_sets.expansion_member VALUES ('2f0460d0-5472-11ec-bd52-acde48001122', '214184', 'acetaminophen / pamabrom', 'http://www.nlm.nih.gov/research/umls/rxnorm', '2021');
INSERT INTO value_sets.expansion_member VALUES ('2f0460d0-5472-11ec-bd52-acde48001122', '1007030', 'acetaminophen / tolperisone', 'http://www.nlm.nih.gov/research/umls/rxnorm', '2021');
INSERT INTO value_sets.expansion_member VALUES ('2f0460d0-5472-11ec-bd52-acde48001122', '1008721', 'acetaminophen / magnesium salicylate / pamabrom', 'http://www.nlm.nih.gov/research/umls/rxnorm', '2021');
INSERT INTO value_sets.expansion_member VALUES ('2f0460d0-5472-11ec-bd52-acde48001122', '214185', 'acetaminophen / pentazocine', 'http://www.nlm.nih.gov/research/umls/rxnorm', '2021');
INSERT INTO value_sets.expansion_member VALUES ('2f0460d0-5472-11ec-bd52-acde48001122', '1006970', 'acetaminophen / dimenhydrinate', 'http://www.nlm.nih.gov/research/umls/rxnorm', '2021');
INSERT INTO value_sets.expansion_member VALUES ('2f0460d0-5472-11ec-bd52-acde48001122', '1008701', 'acetaminophen / dextromethorphan / doxylamine / phenylephrine', 'http://www.nlm.nih.gov/research/umls/rxnorm', '2021');
INSERT INTO value_sets.expansion_member VALUES ('2f0460d0-5472-11ec-bd52-acde48001122', '214186', 'acetaminophen / phenylephrine', 'http://www.nlm.nih.gov/research/umls/rxnorm', '2021');
INSERT INTO value_sets.expansion_member VALUES ('2f0460d0-5472-11ec-bd52-acde48001122', '1006970', 'acetaminophen / dimenhyDRINATE', 'http://www.nlm.nih.gov/research/umls/rxnorm', '2021');
INSERT INTO value_sets.expansion_member VALUES ('2f0460d0-5472-11ec-bd52-acde48001122', '1008706', 'acetaminophen / dexchlorpheniramine / pseudoephedrine', 'http://www.nlm.nih.gov/research/umls/rxnorm', '2021');
INSERT INTO value_sets.expansion_member VALUES ('2f0460d0-5472-11ec-bd52-acde48001122', '214156', 'acetaminophen / pamabrom / pyrilamine', 'http://www.nlm.nih.gov/research/umls/rxnorm', '2021');
INSERT INTO value_sets.expansion_member VALUES ('2f0460d0-5472-11ec-bd52-acde48001122', '214187', 'acetaminophen / pseudoephedrine', 'http://www.nlm.nih.gov/research/umls/rxnorm', '2021');
INSERT INTO value_sets.expansion_member VALUES ('2f0460d0-5472-11ec-bd52-acde48001122', '1007059', 'acetaminophen / caffeine / pamabrom / vitamin B6', 'http://www.nlm.nih.gov/research/umls/rxnorm', '2021');
INSERT INTO value_sets.expansion_member VALUES ('2f0460d0-5472-11ec-bd52-acde48001122', '1008866', 'acetaminophen / pamabrom / vitamin B6', 'http://www.nlm.nih.gov/research/umls/rxnorm', '2021');
INSERT INTO value_sets.expansion_member VALUES ('2f0460d0-5472-11ec-bd52-acde48001122', '214188', 'acetaminophen / salicylamide', 'http://www.nlm.nih.gov/research/umls/rxnorm', '2021');
INSERT INTO value_sets.expansion_member VALUES ('2f0460d0-5472-11ec-bd52-acde48001122', '1007085', 'acetaminophen / clemastine / phenylpropanolamine', 'http://www.nlm.nih.gov/research/umls/rxnorm', '2021');
INSERT INTO value_sets.expansion_member VALUES ('2f0460d0-5472-11ec-bd52-acde48001122', '1008802', 'acetaminophen / dextromethorphan / diphenhydramine / phenylephrine', 'http://www.nlm.nih.gov/research/umls/rxnorm', '2021');
INSERT INTO value_sets.expansion_member VALUES ('2f0460d0-5472-11ec-bd52-acde48001122', '285036', 'acetaminophen / doxylamine / pseudoephedrine', 'http://www.nlm.nih.gov/research/umls/rxnorm', '2021');
INSERT INTO value_sets.expansion_member VALUES ('2f0460d0-5472-11ec-bd52-acde48001122', '1007119', 'acetaminophen / chlorpheniramine / dextromethorphan / phenylpropanolamine', 'http://www.nlm.nih.gov/research/umls/rxnorm', '2021');
INSERT INTO value_sets.expansion_member VALUES ('2f0460d0-5472-11ec-bd52-acde48001122', '1008802', 'acetaminophen / dextromethorphan / diphenhydrAMINE / phenylephrine', 'http://www.nlm.nih.gov/research/umls/rxnorm', '2021');
INSERT INTO value_sets.expansion_member VALUES ('2f0460d0-5472-11ec-bd52-acde48001122', '219228', 'acetaminophen / phenyltoloxamine', 'http://www.nlm.nih.gov/research/umls/rxnorm', '2021');
INSERT INTO value_sets.expansion_member VALUES ('2f0460d0-5472-11ec-bd52-acde48001122', '1007130', 'acetaminophen / dexbrompheniramine / phenylephrine', 'http://www.nlm.nih.gov/research/umls/rxnorm', '2021');
INSERT INTO value_sets.expansion_member VALUES ('2f0460d0-5472-11ec-bd52-acde48001122', '1008871', 'acetaminophen / codeine / guaifenesin / phenylephrine', 'http://www.nlm.nih.gov/research/umls/rxnorm', '2021');
INSERT INTO value_sets.expansion_member VALUES ('2f0460d0-5472-11ec-bd52-acde48001122', '108038', 'acetaminophen / caffeine', 'http://www.nlm.nih.gov/research/umls/rxnorm', '2021');
INSERT INTO value_sets.expansion_member VALUES ('2f0460d0-5472-11ec-bd52-acde48001122', '352362', 'acetaminophen / tramadol', 'http://www.nlm.nih.gov/research/umls/rxnorm', '2021');
INSERT INTO value_sets.expansion_member VALUES ('2f0460d0-5472-11ec-bd52-acde48001122', '1007186', 'acetaminophen / bromelains', 'http://www.nlm.nih.gov/research/umls/rxnorm', '2021');
INSERT INTO value_sets.expansion_member VALUES ('2f0460d0-5472-11ec-bd52-acde48001122', '1008871', 'acetaminophen / codeine / guaiFENesin / phenylephrine', 'http://www.nlm.nih.gov/research/umls/rxnorm', '2021');
INSERT INTO value_sets.expansion_member VALUES ('2f0460d0-5472-11ec-bd52-acde48001122', '214128', 'acetaminophen / brompheniramine / phenylpropanolamine', 'http://www.nlm.nih.gov/research/umls/rxnorm', '2021');
INSERT INTO value_sets.expansion_member VALUES ('2f0460d0-5472-11ec-bd52-acde48001122', '352362', 'acetaminophen / traMADol', 'http://www.nlm.nih.gov/research/umls/rxnorm', '2021');
INSERT INTO value_sets.expansion_member VALUES ('2f0460d0-5472-11ec-bd52-acde48001122', '1007141', 'acetaminophen / dextromethorphan / pseudoephedrine / pyrilamine', 'http://www.nlm.nih.gov/research/umls/rxnorm', '2021');
INSERT INTO value_sets.expansion_member VALUES ('2f0460d0-5472-11ec-bd52-acde48001122', '1008893', 'acetaminophen / chlorpheniramine / diphenhydramine / pseudoephedrine', 'http://www.nlm.nih.gov/research/umls/rxnorm', '2021');
INSERT INTO value_sets.expansion_member VALUES ('2f0460d0-5472-11ec-bd52-acde48001122', '214137', 'acetaminophen / caffeine / pyrilamine', 'http://www.nlm.nih.gov/research/umls/rxnorm', '2021');
INSERT INTO value_sets.expansion_member VALUES ('2f0460d0-5472-11ec-bd52-acde48001122', '214130', 'acetaminophen / butalbital / caffeine', 'http://www.nlm.nih.gov/research/umls/rxnorm', '2021');
INSERT INTO value_sets.expansion_member VALUES ('2f0460d0-5472-11ec-bd52-acde48001122', '392511', 'acetaminophen / chlormezanone', 'http://www.nlm.nih.gov/research/umls/rxnorm', '2021');
INSERT INTO value_sets.expansion_member VALUES ('2f0460d0-5472-11ec-bd52-acde48001122', '1007269', 'acetaminophen / guaifenesin / pseudoephedrine', 'http://www.nlm.nih.gov/research/umls/rxnorm', '2021');
INSERT INTO value_sets.expansion_member VALUES ('2f0460d0-5472-11ec-bd52-acde48001122', '1008893', 'acetaminophen / chlorpheniramine / diphenhydrAMINE / pseudoephedrine', 'http://www.nlm.nih.gov/research/umls/rxnorm', '2021');
INSERT INTO value_sets.expansion_member VALUES ('2f0460d0-5472-11ec-bd52-acde48001122', '392658', 'acetaminophen / metoclopramide', 'http://www.nlm.nih.gov/research/umls/rxnorm', '2021');
INSERT INTO value_sets.expansion_member VALUES ('2f0460d0-5472-11ec-bd52-acde48001122', '1007223', 'acetaminophen / adiphenine', 'http://www.nlm.nih.gov/research/umls/rxnorm', '2021');
INSERT INTO value_sets.expansion_member VALUES ('2f0460d0-5472-11ec-bd52-acde48001122', '1009027', 'acetaminophen / antipyrine / caffeine', 'http://www.nlm.nih.gov/research/umls/rxnorm', '2021');
INSERT INTO value_sets.expansion_member VALUES ('2f0460d0-5472-11ec-bd52-acde48001122', '466517', 'acetaminophen / dexbrompheniramine / pseudoephedrine', 'http://www.nlm.nih.gov/research/umls/rxnorm', '2021');
INSERT INTO value_sets.expansion_member VALUES ('2f0460d0-5472-11ec-bd52-acde48001122', '151196', 'acetaminophen / dihydrocodeine', 'http://www.nlm.nih.gov/research/umls/rxnorm', '2021');
INSERT INTO value_sets.expansion_member VALUES ('2f0460d0-5472-11ec-bd52-acde48001122', '1007227', 'acetaminophen / buclizine', 'http://www.nlm.nih.gov/research/umls/rxnorm', '2021');
INSERT INTO value_sets.expansion_member VALUES ('2f0460d0-5472-11ec-bd52-acde48001122', '1008935', 'acetaminophen / ketoprofen', 'http://www.nlm.nih.gov/research/umls/rxnorm', '2021');
INSERT INTO value_sets.expansion_member VALUES ('2f0460d0-5472-11ec-bd52-acde48001122', '466524', 'acetaminophen / dextromethorphan / doxylamine / pseudoephedrine', 'http://www.nlm.nih.gov/research/umls/rxnorm', '2021');
INSERT INTO value_sets.expansion_member VALUES ('2f0460d0-5472-11ec-bd52-acde48001122', '1007269', 'acetaminophen / guaiFENesin / pseudoephedrine', 'http://www.nlm.nih.gov/research/umls/rxnorm', '2021');
INSERT INTO value_sets.expansion_member VALUES ('2f0460d0-5472-11ec-bd52-acde48001122', '1009123', 'acetaminophen / domperidone', 'http://www.nlm.nih.gov/research/umls/rxnorm', '2021');
INSERT INTO value_sets.expansion_member VALUES ('2f0460d0-5472-11ec-bd52-acde48001122', '466566', 'acetaminophen / dextromethorphan / diphenhydramine / pseudoephedrine', 'http://www.nlm.nih.gov/research/umls/rxnorm', '2021');
INSERT INTO value_sets.expansion_member VALUES ('2f0460d0-5472-11ec-bd52-acde48001122', '1007654', 'acetaminophen / magnesium salicylate', 'http://www.nlm.nih.gov/research/umls/rxnorm', '2021');
INSERT INTO value_sets.expansion_member VALUES ('2f0460d0-5472-11ec-bd52-acde48001122', '1009140', 'acetaminophen / chlorpheniramine / phenylephrine / phenyltoloxamine', 'http://www.nlm.nih.gov/research/umls/rxnorm', '2021');
INSERT INTO value_sets.expansion_member VALUES ('2f0460d0-5472-11ec-bd52-acde48001122', '466566', 'acetaminophen / dextromethorphan / diphenhydrAMINE / pseudoephedrine', 'http://www.nlm.nih.gov/research/umls/rxnorm', '2021');
INSERT INTO value_sets.expansion_member VALUES ('2f0460d0-5472-11ec-bd52-acde48001122', '1007522', 'acetaminophen / caffeine / magnesium salicylate / phenyltoloxamine', 'http://www.nlm.nih.gov/research/umls/rxnorm', '2021');
INSERT INTO value_sets.expansion_member VALUES ('2f0460d0-5472-11ec-bd52-acde48001122', '1190930', 'acetaminophen / dexbrompheniramine', 'http://www.nlm.nih.gov/research/umls/rxnorm', '2021');
INSERT INTO value_sets.expansion_member VALUES ('2f0460d0-5472-11ec-bd52-acde48001122', '466569', 'acetaminophen / dextromethorphan / pseudoephedrine', 'http://www.nlm.nih.gov/research/umls/rxnorm', '2021');
INSERT INTO value_sets.expansion_member VALUES ('2f0460d0-5472-11ec-bd52-acde48001122', '1007569', 'acetaminophen / chlorpheniramine / codeine', 'http://www.nlm.nih.gov/research/umls/rxnorm', '2021');
INSERT INTO value_sets.expansion_member VALUES ('2f0460d0-5472-11ec-bd52-acde48001122', '1144260', 'acetaminophen / chlorpheniramine / salicylamide', 'http://www.nlm.nih.gov/research/umls/rxnorm', '2021');
INSERT INTO value_sets.expansion_member VALUES ('2f0460d0-5472-11ec-bd52-acde48001122', '466581', 'acetaminophen / caffeine / salicylamide', 'http://www.nlm.nih.gov/research/umls/rxnorm', '2021');
INSERT INTO value_sets.expansion_member VALUES ('2f0460d0-5472-11ec-bd52-acde48001122', '1007572', 'acetaminophen / codeine / guaifenesin / pseudoephedrine', 'http://www.nlm.nih.gov/research/umls/rxnorm', '2021');
INSERT INTO value_sets.expansion_member VALUES ('2f0460d0-5472-11ec-bd52-acde48001122', '1302427', 'acetaminophen / chlorpheniramine / guaifenesin', 'http://www.nlm.nih.gov/research/umls/rxnorm', '2021');
INSERT INTO value_sets.expansion_member VALUES ('2f0460d0-5472-11ec-bd52-acde48001122', '466584', 'acetaminophen / aspirin / caffeine', 'http://www.nlm.nih.gov/research/umls/rxnorm', '2021');
INSERT INTO value_sets.expansion_member VALUES ('2f0460d0-5472-11ec-bd52-acde48001122', '1007572', 'acetaminophen / codeine / guaiFENesin / pseudoephedrine', 'http://www.nlm.nih.gov/research/umls/rxnorm', '2021');
INSERT INTO value_sets.expansion_member VALUES ('2f0460d0-5472-11ec-bd52-acde48001122', '1241828', 'acetaminophen / phenylephrine / pyrilamine', 'http://www.nlm.nih.gov/research/umls/rxnorm', '2021');
INSERT INTO value_sets.expansion_member VALUES ('2f0460d0-5472-11ec-bd52-acde48001122', '214153', 'acetaminophen / dichloralphenazone / isometheptene', 'http://www.nlm.nih.gov/research/umls/rxnorm', '2021');
INSERT INTO value_sets.expansion_member VALUES ('2f0460d0-5472-11ec-bd52-acde48001122', '615170', 'acetaminophen / caffeine / phenyltoloxamine', 'http://www.nlm.nih.gov/research/umls/rxnorm', '2021');
INSERT INTO value_sets.expansion_member VALUES ('2f0460d0-5472-11ec-bd52-acde48001122', '1007587', 'acetaminophen / chlorpheniramine / dextromethorphan', 'http://www.nlm.nih.gov/research/umls/rxnorm', '2021');
INSERT INTO value_sets.expansion_member VALUES ('2f0460d0-5472-11ec-bd52-acde48001122', '1302427', 'acetaminophen / chlorpheniramine / guaiFENesin', 'http://www.nlm.nih.gov/research/umls/rxnorm', '2021');
INSERT INTO value_sets.expansion_member VALUES ('2f0460d0-5472-11ec-bd52-acde48001122', '494309', 'acetaminophen / chlorzoxazone', 'http://www.nlm.nih.gov/research/umls/rxnorm', '2021');
INSERT INTO value_sets.expansion_member VALUES ('2f0460d0-5472-11ec-bd52-acde48001122', '1007815', 'acetaminophen / caffeine / salicylic acid', 'http://www.nlm.nih.gov/research/umls/rxnorm', '2021');
INSERT INTO value_sets.expansion_member VALUES ('2f0460d0-5472-11ec-bd52-acde48001122', '1366507', 'acetaminophen / caffeine / chlorpheniramine / guaifenesin / N-methylephedrine', 'http://www.nlm.nih.gov/research/umls/rxnorm', '2021');
INSERT INTO value_sets.expansion_member VALUES ('2f0460d0-5472-11ec-bd52-acde48001122', '606096', 'acetaminophen / guaifenesin', 'http://www.nlm.nih.gov/research/umls/rxnorm', '2021');
INSERT INTO value_sets.expansion_member VALUES ('2f0460d0-5472-11ec-bd52-acde48001122', '1007681', 'acetaminophen / propyphenazone', 'http://www.nlm.nih.gov/research/umls/rxnorm', '2021');
INSERT INTO value_sets.expansion_member VALUES ('2f0460d0-5472-11ec-bd52-acde48001122', '1303250', 'acetaminophen / caffeine / chlorpheniramine', 'http://www.nlm.nih.gov/research/umls/rxnorm', '2021');
INSERT INTO value_sets.expansion_member VALUES ('2f0460d0-5472-11ec-bd52-acde48001122', '606096', 'acetaminophen / guaiFENesin', 'http://www.nlm.nih.gov/research/umls/rxnorm', '2021');
INSERT INTO value_sets.expansion_member VALUES ('2f0460d0-5472-11ec-bd52-acde48001122', '1007693', 'acetaminophen / fursultiamin', 'http://www.nlm.nih.gov/research/umls/rxnorm', '2021');
INSERT INTO value_sets.expansion_member VALUES ('2f0460d0-5472-11ec-bd52-acde48001122', '1366507', 'acetaminophen / caffeine / chlorpheniramine / guaiFENesin / N-methylephedrine', 'http://www.nlm.nih.gov/research/umls/rxnorm', '2021');
INSERT INTO value_sets.expansion_member VALUES ('2f0460d0-5472-11ec-bd52-acde48001122', '606797', 'acetaminophen / caffeine / phenyltoloxamine / salicylamide', 'http://www.nlm.nih.gov/research/umls/rxnorm', '2021');
INSERT INTO value_sets.expansion_member VALUES ('2f0460d0-5472-11ec-bd52-acde48001122', '1007704', 'acetaminophen / salicylic acid', 'http://www.nlm.nih.gov/research/umls/rxnorm', '2021');
INSERT INTO value_sets.expansion_member VALUES ('2f0460d0-5472-11ec-bd52-acde48001122', '1534418', 'acetaminophen / carbidopa', 'http://www.nlm.nih.gov/research/umls/rxnorm', '2021');
INSERT INTO value_sets.expansion_member VALUES ('2f0460d0-5472-11ec-bd52-acde48001122', '619676', 'acetaminophen / methionine', 'http://www.nlm.nih.gov/research/umls/rxnorm', '2021');
INSERT INTO value_sets.expansion_member VALUES ('2f0460d0-5472-11ec-bd52-acde48001122', '1007706', 'acetaminophen / dihydroergotamine', 'http://www.nlm.nih.gov/research/umls/rxnorm', '2021');
INSERT INTO value_sets.expansion_member VALUES ('2f0460d0-5472-11ec-bd52-acde48001122', '1593109', 'acetaminophen / aspirin / diphenhydramine', 'http://www.nlm.nih.gov/research/umls/rxnorm', '2021');
INSERT INTO value_sets.expansion_member VALUES ('2f0460d0-5472-11ec-bd52-acde48001122', '214182', 'acetaminophen / hydrocodone', 'http://www.nlm.nih.gov/research/umls/rxnorm', '2021');
INSERT INTO value_sets.expansion_member VALUES ('2f0460d0-5472-11ec-bd52-acde48001122', '617772', 'acetaminophen / pheniramine / phenylephrine', 'http://www.nlm.nih.gov/research/umls/rxnorm', '2021');
INSERT INTO value_sets.expansion_member VALUES ('2f0460d0-5472-11ec-bd52-acde48001122', '1007716', 'acetaminophen / thiamine', 'http://www.nlm.nih.gov/research/umls/rxnorm', '2021');
INSERT INTO value_sets.expansion_member VALUES ('2f0460d0-5472-11ec-bd52-acde48001122', '1593109', 'acetaminophen / aspirin / diphenhydrAMINE', 'http://www.nlm.nih.gov/research/umls/rxnorm', '2021');
INSERT INTO value_sets.expansion_member VALUES ('2f0460d0-5472-11ec-bd52-acde48001122', '687078', 'acetaminophen / aspirin', 'http://www.nlm.nih.gov/research/umls/rxnorm', '2021');
INSERT INTO value_sets.expansion_member VALUES ('2f0460d0-5472-11ec-bd52-acde48001122', '1007827', 'acetaminophen / pamabrom / vitamin E', 'http://www.nlm.nih.gov/research/umls/rxnorm', '2021');
INSERT INTO value_sets.expansion_member VALUES ('2f0460d0-5472-11ec-bd52-acde48001122', '2001357', 'acetaminophen / benzhydrocodone', 'http://www.nlm.nih.gov/research/umls/rxnorm', '2021');
INSERT INTO value_sets.expansion_member VALUES ('2f0460d0-5472-11ec-bd52-acde48001122', '631158', 'acetaminophen / guaifenesin / phenylephrine', 'http://www.nlm.nih.gov/research/umls/rxnorm', '2021');
INSERT INTO value_sets.expansion_member VALUES ('2f0460d0-5472-11ec-bd52-acde48001122', '1007947', 'acetaminophen / racemethionine', 'http://www.nlm.nih.gov/research/umls/rxnorm', '2021');
INSERT INTO value_sets.expansion_member VALUES ('2f0460d0-5472-11ec-bd52-acde48001122', '1593618', 'acetaminophen / chlophedianol / pyrilamine', 'http://www.nlm.nih.gov/research/umls/rxnorm', '2021');
INSERT INTO value_sets.expansion_member VALUES ('2f0460d0-5472-11ec-bd52-acde48001122', '631158', 'acetaminophen / guaiFENesin / phenylephrine', 'http://www.nlm.nih.gov/research/umls/rxnorm', '2021');
INSERT INTO value_sets.expansion_member VALUES ('2f0460d0-5472-11ec-bd52-acde48001122', '1007965', 'acetaminophen / caffeine / homatropine', 'http://www.nlm.nih.gov/research/umls/rxnorm', '2021');
INSERT INTO value_sets.expansion_member VALUES ('2f0460d0-5472-11ec-bd52-acde48001122', '1595630', 'acetaminophen / brompheniramine', 'http://www.nlm.nih.gov/research/umls/rxnorm', '2021');
INSERT INTO value_sets.expansion_member VALUES ('2f0460d0-5472-11ec-bd52-acde48001122', '639194', 'acetaminophen / propoxyphene', 'http://www.nlm.nih.gov/research/umls/rxnorm', '2021');
INSERT INTO value_sets.expansion_member VALUES ('2f0460d0-5472-11ec-bd52-acde48001122', '1008083', 'acetaminophen / loratadine / pseudoephedrine', 'http://www.nlm.nih.gov/research/umls/rxnorm', '2021');
INSERT INTO value_sets.expansion_member VALUES ('2f0460d0-5472-11ec-bd52-acde48001122', '1664630', 'acetaminophen / dextromethorphan / diphenhydramine / guaifenesin / phenylephrine', 'http://www.nlm.nih.gov/research/umls/rxnorm', '2021');
INSERT INTO value_sets.expansion_member VALUES ('2f0460d0-5472-11ec-bd52-acde48001122', '687408', 'acetaminophen / isometheptene', 'http://www.nlm.nih.gov/research/umls/rxnorm', '2021');
INSERT INTO value_sets.expansion_member VALUES ('2f0460d0-5472-11ec-bd52-acde48001122', '1008124', 'acetaminophen / calcium carbonate / magnesium carbonate / magnesium oxide', 'http://www.nlm.nih.gov/research/umls/rxnorm', '2021');
INSERT INTO value_sets.expansion_member VALUES ('2f0460d0-5472-11ec-bd52-acde48001122', '1664630', 'acetaminophen / dextromethorphan / diphenhydrAMINE / guaiFENesin / phenylephrine', 'http://www.nlm.nih.gov/research/umls/rxnorm', '2021');
INSERT INTO value_sets.expansion_member VALUES ('2f0460d0-5472-11ec-bd52-acde48001122', '689567', 'acetaminophen / caffeine / chlorpheniramine / phenylpropanolamine', 'http://www.nlm.nih.gov/research/umls/rxnorm', '2021');
INSERT INTO value_sets.expansion_member VALUES ('2f0460d0-5472-11ec-bd52-acde48001122', '1008500', 'acetaminophen / brompheniramine / dextromethorphan / pseudoephedrine', 'http://www.nlm.nih.gov/research/umls/rxnorm', '2021');
INSERT INTO value_sets.expansion_member VALUES ('2f0460d0-5472-11ec-bd52-acde48001122', '1743368', 'acetaminophen / chlorpheniramine / dextromethorphan / guaifenesin / phenylephrine', 'http://www.nlm.nih.gov/research/umls/rxnorm', '2021');
INSERT INTO value_sets.expansion_member VALUES ('2f0460d0-5472-11ec-bd52-acde48001122', '689568', 'acetaminophen / caffeine / codeine / salicylamide', 'http://www.nlm.nih.gov/research/umls/rxnorm', '2021');
INSERT INTO value_sets.expansion_member VALUES ('2f0460d0-5472-11ec-bd52-acde48001122', '1008142', 'acetaminophen / ascorbic acid / eucalyptol', 'http://www.nlm.nih.gov/research/umls/rxnorm', '2021');
INSERT INTO value_sets.expansion_member VALUES ('2f0460d0-5472-11ec-bd52-acde48001122', '1743368', 'acetaminophen / chlorpheniramine / dextromethorphan / guaiFENesin / phenylephrine', 'http://www.nlm.nih.gov/research/umls/rxnorm', '2021');
INSERT INTO value_sets.expansion_member VALUES ('2f0460d0-5472-11ec-bd52-acde48001122', '689569', 'acetaminophen / caffeine / dihydrocodeine', 'http://www.nlm.nih.gov/research/umls/rxnorm', '2021');
INSERT INTO value_sets.expansion_member VALUES ('2f0460d0-5472-11ec-bd52-acde48001122', '1008157', 'acetaminophen / aluminum acetate / chlorpheniramine / phenylpropanolamine', 'http://www.nlm.nih.gov/research/umls/rxnorm', '2021');
INSERT INTO value_sets.expansion_member VALUES ('2f0460d0-5472-11ec-bd52-acde48001122', '2173661', 'acetaminophen / dextromethorphan / phenylephrine / triprolidine', 'http://www.nlm.nih.gov/research/umls/rxnorm', '2021');
INSERT INTO value_sets.expansion_member VALUES ('2f0460d0-5472-11ec-bd52-acde48001122', '689570', 'acetaminophen / caffeine / guaifenesin / phenylephrine', 'http://www.nlm.nih.gov/research/umls/rxnorm', '2021');
INSERT INTO value_sets.expansion_member VALUES ('2f0460d0-5472-11ec-bd52-acde48001122', '1008252', 'acetaminophen / dextromethorphan / diphenhydramine', 'http://www.nlm.nih.gov/research/umls/rxnorm', '2021');
INSERT INTO value_sets.expansion_member VALUES ('2f0460d0-5472-11ec-bd52-acde48001122', '2178933', 'acetaminophen / chlorpheniramine / ephedrine / guaifenesin', 'http://www.nlm.nih.gov/research/umls/rxnorm', '2021');
INSERT INTO value_sets.expansion_member VALUES ('2f0460d0-5472-11ec-bd52-acde48001122', '689570', 'acetaminophen / caffeine / guaiFENesin / phenylephrine', 'http://www.nlm.nih.gov/research/umls/rxnorm', '2021');
INSERT INTO value_sets.expansion_member VALUES ('2f0460d0-5472-11ec-bd52-acde48001122', '689799', 'acetaminophen / phenyltoloxamine / salicylamide', 'http://www.nlm.nih.gov/research/umls/rxnorm', '2021');
INSERT INTO value_sets.expansion_member VALUES ('2f0460d0-5472-11ec-bd52-acde48001122', '689551', 'acetaminophen / aspirin / caffeine / calcium gluconate', 'http://www.nlm.nih.gov/research/umls/rxnorm', '2021');
INSERT INTO value_sets.expansion_member VALUES ('2f0460d0-5472-11ec-bd52-acde48001122', '689802', 'acetaminophen / pseudoephedrine / triprolidine', 'http://www.nlm.nih.gov/research/umls/rxnorm', '2021');
INSERT INTO value_sets.expansion_member VALUES ('2f0460d0-5472-11ec-bd52-acde48001122', '689572', 'acetaminophen / caffeine / isometheptene', 'http://www.nlm.nih.gov/research/umls/rxnorm', '2021');
INSERT INTO value_sets.expansion_member VALUES ('2f0460d0-5472-11ec-bd52-acde48001122', '689764', 'acetaminophen / chlorpheniramine / phenylpropanolamine / salicylamide', 'http://www.nlm.nih.gov/research/umls/rxnorm', '2021');
INSERT INTO value_sets.expansion_member VALUES ('2f0460d0-5472-11ec-bd52-acde48001122', '689552', 'acetaminophen / aspirin / caffeine / codeine / salicylamide', 'http://www.nlm.nih.gov/research/umls/rxnorm', '2021');
INSERT INTO value_sets.expansion_member VALUES ('2f0460d0-5472-11ec-bd52-acde48001122', '689765', 'acetaminophen / chlorpheniramine / pseudoephedrine', 'http://www.nlm.nih.gov/research/umls/rxnorm', '2021');
INSERT INTO value_sets.expansion_member VALUES ('2f0460d0-5472-11ec-bd52-acde48001122', '689553', 'acetaminophen / aspirin / caffeine / hydrocodone', 'http://www.nlm.nih.gov/research/umls/rxnorm', '2021');
INSERT INTO value_sets.expansion_member VALUES ('2f0460d0-5472-11ec-bd52-acde48001122', '689767', 'acetaminophen / cinnamedrine / pamabrom', 'http://www.nlm.nih.gov/research/umls/rxnorm', '2021');
INSERT INTO value_sets.expansion_member VALUES ('2f0460d0-5472-11ec-bd52-acde48001122', '689553', 'acetaminophen / aspirin / caffeine / HYDROcodone', 'http://www.nlm.nih.gov/research/umls/rxnorm', '2021');
INSERT INTO value_sets.expansion_member VALUES ('2f0460d0-5472-11ec-bd52-acde48001122', '689769', 'acetaminophen / codeine / guaifenesin / phenylpropanolamine', 'http://www.nlm.nih.gov/research/umls/rxnorm', '2021');
INSERT INTO value_sets.expansion_member VALUES ('2f0460d0-5472-11ec-bd52-acde48001122', '689554', 'acetaminophen / aspirin / caffeine / salicylamide', 'http://www.nlm.nih.gov/research/umls/rxnorm', '2021');
INSERT INTO value_sets.expansion_member VALUES ('2f0460d0-5472-11ec-bd52-acde48001122', '689769', 'acetaminophen / codeine / guaiFENesin / phenylpropanolamine', 'http://www.nlm.nih.gov/research/umls/rxnorm', '2021');
INSERT INTO value_sets.expansion_member VALUES ('2f0460d0-5472-11ec-bd52-acde48001122', '689573', 'acetaminophen / caffeine / phenylpropanolamine / pyrilamine', 'http://www.nlm.nih.gov/research/umls/rxnorm', '2021');
INSERT INTO value_sets.expansion_member VALUES ('2f0460d0-5472-11ec-bd52-acde48001122', '689775', 'acetaminophen / dextromethorphan / guaifenesin', 'http://www.nlm.nih.gov/research/umls/rxnorm', '2021');
INSERT INTO value_sets.expansion_member VALUES ('2f0460d0-5472-11ec-bd52-acde48001122', '689555', 'acetaminophen / aspirin / codeine', 'http://www.nlm.nih.gov/research/umls/rxnorm', '2021');
INSERT INTO value_sets.expansion_member VALUES ('2f0460d0-5472-11ec-bd52-acde48001122', '689775', 'acetaminophen / dextromethorphan / guaiFENesin', 'http://www.nlm.nih.gov/research/umls/rxnorm', '2021');
INSERT INTO value_sets.expansion_member VALUES ('2f0460d0-5472-11ec-bd52-acde48001122', '689556', 'acetaminophen / aspirin / phenylpropanolamine', 'http://www.nlm.nih.gov/research/umls/rxnorm', '2021');
INSERT INTO value_sets.expansion_member VALUES ('2f0460d0-5472-11ec-bd52-acde48001122', '689776', 'acetaminophen / dextromethorphan / guaifenesin / phenylephrine', 'http://www.nlm.nih.gov/research/umls/rxnorm', '2021');
INSERT INTO value_sets.expansion_member VALUES ('2f0460d0-5472-11ec-bd52-acde48001122', '689574', 'acetaminophen / caffeine / phenylpropanolamine / salicylamide', 'http://www.nlm.nih.gov/research/umls/rxnorm', '2021');
INSERT INTO value_sets.expansion_member VALUES ('2f0460d0-5472-11ec-bd52-acde48001122', '689776', 'acetaminophen / dextromethorphan / guaiFENesin / phenylephrine', 'http://www.nlm.nih.gov/research/umls/rxnorm', '2021');
INSERT INTO value_sets.expansion_member VALUES ('2f0460d0-5472-11ec-bd52-acde48001122', '820045', 'acetaminophen / meprobamate', 'http://www.nlm.nih.gov/research/umls/rxnorm', '2021');
INSERT INTO value_sets.expansion_member VALUES ('2f0460d0-5472-11ec-bd52-acde48001122', '689557', 'acetaminophen / atropine / ethaverine / salicylamide', 'http://www.nlm.nih.gov/research/umls/rxnorm', '2021');
INSERT INTO value_sets.expansion_member VALUES ('2f0460d0-5472-11ec-bd52-acde48001122', '812243', 'acetaminophen / caffeine / magnesium salicylate', 'http://www.nlm.nih.gov/research/umls/rxnorm', '2021');
INSERT INTO value_sets.expansion_member VALUES ('2f0460d0-5472-11ec-bd52-acde48001122', '689558', 'acetaminophen / brompheniramine / pseudoephedrine', 'http://www.nlm.nih.gov/research/umls/rxnorm', '2021');
INSERT INTO value_sets.expansion_member VALUES ('2f0460d0-5472-11ec-bd52-acde48001122', '705258', 'acetaminophen / dextromethorphan / doxylamine', 'http://www.nlm.nih.gov/research/umls/rxnorm', '2021');
INSERT INTO value_sets.expansion_member VALUES ('2f0460d0-5472-11ec-bd52-acde48001122', '689576', 'acetaminophen / calcium carbonate', 'http://www.nlm.nih.gov/research/umls/rxnorm', '2021');
INSERT INTO value_sets.expansion_member VALUES ('2f0460d0-5472-11ec-bd52-acde48001122', '705259', 'acetaminophen / dextromethorphan / phenylephrine', 'http://www.nlm.nih.gov/research/umls/rxnorm', '2021');
INSERT INTO value_sets.expansion_member VALUES ('2f0460d0-5472-11ec-bd52-acde48001122', '689579', 'acetaminophen / chlorpheniramine / codeine / phenylephrine', 'http://www.nlm.nih.gov/research/umls/rxnorm', '2021');
INSERT INTO value_sets.expansion_member VALUES ('2f0460d0-5472-11ec-bd52-acde48001122', '814290', 'acetaminophen / doxylamine', 'http://www.nlm.nih.gov/research/umls/rxnorm', '2021');
INSERT INTO value_sets.expansion_member VALUES ('2f0460d0-5472-11ec-bd52-acde48001122', '689561', 'acetaminophen / butalbital / caffeine / codeine', 'http://www.nlm.nih.gov/research/umls/rxnorm', '2021');
INSERT INTO value_sets.expansion_member VALUES ('2f0460d0-5472-11ec-bd52-acde48001122', '813110', 'acetaminophen / chlorpheniramine / phenylephrine / phenylpropanolamine / pyrilamine', 'http://www.nlm.nih.gov/research/umls/rxnorm', '2021');
INSERT INTO value_sets.expansion_member VALUES ('2f0460d0-5472-11ec-bd52-acde48001122', '820354', 'acetaminophen / pyrilamine', 'http://www.nlm.nih.gov/research/umls/rxnorm', '2021');
INSERT INTO value_sets.expansion_member VALUES ('2f0460d0-5472-11ec-bd52-acde48001122', '689562', 'acetaminophen / butalbital / caffeine / hydrocodone', 'http://www.nlm.nih.gov/research/umls/rxnorm', '2021');
INSERT INTO value_sets.expansion_member VALUES ('2f0460d0-5472-11ec-bd52-acde48001122', '813715', 'acetaminophen / diphenhydramine / phenylpropanolamine', 'http://www.nlm.nih.gov/research/umls/rxnorm', '2021');
INSERT INTO value_sets.expansion_member VALUES ('2f0460d0-5472-11ec-bd52-acde48001122', '689580', 'acetaminophen / chlorpheniramine / dextromethorphan / phenylephrine', 'http://www.nlm.nih.gov/research/umls/rxnorm', '2021');
INSERT INTO value_sets.expansion_member VALUES ('2f0460d0-5472-11ec-bd52-acde48001122', '813715', 'acetaminophen / diphenhydrAMINE / phenylpropanolamine', 'http://www.nlm.nih.gov/research/umls/rxnorm', '2021');
INSERT INTO value_sets.expansion_member VALUES ('2f0460d0-5472-11ec-bd52-acde48001122', '689582', 'acetaminophen / chlorpheniramine / dextromethorphan / pseudoephedrine', 'http://www.nlm.nih.gov/research/umls/rxnorm', '2021');
INSERT INTO value_sets.expansion_member VALUES ('2f0460d0-5472-11ec-bd52-acde48001122', '814386', 'acetaminophen / methocarbamol', 'http://www.nlm.nih.gov/research/umls/rxnorm', '2021');
INSERT INTO value_sets.expansion_member VALUES ('2f0460d0-5472-11ec-bd52-acde48001122', '689583', 'acetaminophen / chlorpheniramine / phenylephrine', 'http://www.nlm.nih.gov/research/umls/rxnorm', '2021');
INSERT INTO value_sets.expansion_member VALUES ('2f0460d0-5472-11ec-bd52-acde48001122', '814872', 'acetaminophen / orphenadrine', 'http://www.nlm.nih.gov/research/umls/rxnorm', '2021');
INSERT INTO value_sets.expansion_member VALUES ('2f0460d0-5472-11ec-bd52-acde48001122', '689584', 'acetaminophen / chlorpheniramine / phenylephrine / pyrilamine', 'http://www.nlm.nih.gov/research/umls/rxnorm', '2021');
INSERT INTO value_sets.expansion_member VALUES ('2f0460d0-5472-11ec-bd52-acde48001122', '814483', 'acetaminophen / chlorpheniramine / codeine / pseudoephedrine', 'http://www.nlm.nih.gov/research/umls/rxnorm', '2021');
INSERT INTO value_sets.expansion_member VALUES ('2f0460d0-5472-11ec-bd52-acde48001122', '689585', 'acetaminophen / chlorpheniramine / phenylephrine / salicylamide', 'http://www.nlm.nih.gov/research/umls/rxnorm', '2021');
INSERT INTO value_sets.expansion_member VALUES ('2f0460d0-5472-11ec-bd52-acde48001122', '814486', 'acetaminophen / promethazine', 'http://www.nlm.nih.gov/research/umls/rxnorm', '2021');
INSERT INTO value_sets.expansion_member VALUES ('2f0460d0-5472-11ec-bd52-acde48001122', '689762', 'acetaminophen / chlorpheniramine / phenylpropanolamine', 'http://www.nlm.nih.gov/research/umls/rxnorm', '2021');
INSERT INTO value_sets.expansion_member VALUES ('2f0460d0-5472-11ec-bd52-acde48001122', '814657', 'acetaminophen / caffeine / codeine', 'http://www.nlm.nih.gov/research/umls/rxnorm', '2021');
INSERT INTO value_sets.expansion_member VALUES ('2f0460d0-5472-11ec-bd52-acde48001122', '689562', 'acetaminophen / butalbital / caffeine / HYDROcodone', 'http://www.nlm.nih.gov/research/umls/rxnorm', '2021');
INSERT INTO value_sets.expansion_member VALUES ('2f0460d0-5472-11ec-bd52-acde48001122', '815003', 'acetaminophen / caffeine / chlorpheniramine / pseudoephedrine', 'http://www.nlm.nih.gov/research/umls/rxnorm', '2021');
INSERT INTO value_sets.expansion_member VALUES ('2f0460d0-5472-11ec-bd52-acde48001122', '689563', 'acetaminophen / butalbital / codeine', 'http://www.nlm.nih.gov/research/umls/rxnorm', '2021');
INSERT INTO value_sets.expansion_member VALUES ('2f0460d0-5472-11ec-bd52-acde48001122', '816029', 'acetaminophen / scopolamine', 'http://www.nlm.nih.gov/research/umls/rxnorm', '2021');
INSERT INTO value_sets.expansion_member VALUES ('2f0460d0-5472-11ec-bd52-acde48001122', '689566', 'acetaminophen / caffeine / chlorpheniramine / phenylephrine / pyrilamine', 'http://www.nlm.nih.gov/research/umls/rxnorm', '2021');
INSERT INTO value_sets.expansion_member VALUES ('2f0460d0-5472-11ec-bd52-acde48001122', '817322', 'acetaminophen / chlorpheniramine / phenylpropanolamine / phenyltoloxamine', 'http://www.nlm.nih.gov/research/umls/rxnorm', '2021');
INSERT INTO value_sets.expansion_member VALUES ('2f0460d0-5472-11ec-bd52-acde48001122', '689777', 'acetaminophen / dextromethorphan / guaifenesin / phenylpropanolamine', 'http://www.nlm.nih.gov/research/umls/rxnorm', '2021');
INSERT INTO value_sets.expansion_member VALUES ('2f0460d0-5472-11ec-bd52-acde48001122', '816583', 'acetaminophen / carisoprodol', 'http://www.nlm.nih.gov/research/umls/rxnorm', '2021');
INSERT INTO value_sets.expansion_member VALUES ('2f0460d0-5472-11ec-bd52-acde48001122', '689777', 'acetaminophen / dextromethorphan / guaiFENesin / phenylpropanolamine', 'http://www.nlm.nih.gov/research/umls/rxnorm', '2021');
INSERT INTO value_sets.expansion_member VALUES ('2f0460d0-5472-11ec-bd52-acde48001122', '817377', 'acetaminophen / chlorpheniramine / guaifenesin / phenylpropanolamine', 'http://www.nlm.nih.gov/research/umls/rxnorm', '2021');
INSERT INTO value_sets.expansion_member VALUES ('2f0460d0-5472-11ec-bd52-acde48001122', '689778', 'acetaminophen / dextromethorphan / guaifenesin / pseudoephedrine', 'http://www.nlm.nih.gov/research/umls/rxnorm', '2021');
INSERT INTO value_sets.expansion_member VALUES ('2f0460d0-5472-11ec-bd52-acde48001122', '817579', 'acetaminophen / codeine', 'http://www.nlm.nih.gov/research/umls/rxnorm', '2021');
INSERT INTO value_sets.expansion_member VALUES ('2f0460d0-5472-11ec-bd52-acde48001122', '689778', 'acetaminophen / dextromethorphan / guaiFENesin / pseudoephedrine', 'http://www.nlm.nih.gov/research/umls/rxnorm', '2021');
INSERT INTO value_sets.expansion_member VALUES ('2f0460d0-5472-11ec-bd52-acde48001122', '817377', 'acetaminophen / chlorpheniramine / guaiFENesin / phenylpropanolamine', 'http://www.nlm.nih.gov/research/umls/rxnorm', '2021');
INSERT INTO value_sets.expansion_member VALUES ('2f0460d0-5472-11ec-bd52-acde48001122', '689779', 'acetaminophen / dextromethorphan / phenylephrine / pyrilamine', 'http://www.nlm.nih.gov/research/umls/rxnorm', '2021');
INSERT INTO value_sets.expansion_member VALUES ('2f0460d0-5472-11ec-bd52-acde48001122', '817379', 'acetaminophen / codeine / pseudoephedrine', 'http://www.nlm.nih.gov/research/umls/rxnorm', '2021');
INSERT INTO value_sets.expansion_member VALUES ('2f0460d0-5472-11ec-bd52-acde48001122', '689780', 'acetaminophen / dextromethorphan / phenylpropanolamine', 'http://www.nlm.nih.gov/research/umls/rxnorm', '2021');
INSERT INTO value_sets.expansion_member VALUES ('2f0460d0-5472-11ec-bd52-acde48001122', '817430', 'acetaminophen / caffeine / codeine / meprobamate', 'http://www.nlm.nih.gov/research/umls/rxnorm', '2021');
INSERT INTO value_sets.expansion_member VALUES ('2f0460d0-5472-11ec-bd52-acde48001122', '689783', 'acetaminophen / dihydrocodeine / salicylamide', 'http://www.nlm.nih.gov/research/umls/rxnorm', '2021');
INSERT INTO value_sets.expansion_member VALUES ('2f0460d0-5472-11ec-bd52-acde48001122', '817911', 'acetaminophen / caffeine / phenylephrine', 'http://www.nlm.nih.gov/research/umls/rxnorm', '2021');
INSERT INTO value_sets.expansion_member VALUES ('2f0460d0-5472-11ec-bd52-acde48001122', '689785', 'acetaminophen / diphenhydramine / phenylephrine', 'http://www.nlm.nih.gov/research/umls/rxnorm', '2021');
INSERT INTO value_sets.expansion_member VALUES ('2f0460d0-5472-11ec-bd52-acde48001122', '818102', 'acetaminophen / ibuprofen', 'http://www.nlm.nih.gov/research/umls/rxnorm', '2021');
INSERT INTO value_sets.expansion_member VALUES ('2f0460d0-5472-11ec-bd52-acde48001122', '689785', 'acetaminophen / diphenhydrAMINE / phenylephrine', 'http://www.nlm.nih.gov/research/umls/rxnorm', '2021');
INSERT INTO value_sets.expansion_member VALUES ('2f0460d0-5472-11ec-bd52-acde48001122', '818190', 'acetaminophen / piroxicam', 'http://www.nlm.nih.gov/research/umls/rxnorm', '2021');
INSERT INTO value_sets.expansion_member VALUES ('2f0460d0-5472-11ec-bd52-acde48001122', '689786', 'acetaminophen / diphenhydramine / pseudoephedrine', 'http://www.nlm.nih.gov/research/umls/rxnorm', '2021');
INSERT INTO value_sets.expansion_member VALUES ('2f0460d0-5472-11ec-bd52-acde48001122', '818306', 'acetaminophen / mephenesin', 'http://www.nlm.nih.gov/research/umls/rxnorm', '2021');
INSERT INTO value_sets.expansion_member VALUES ('2f0460d0-5472-11ec-bd52-acde48001122', '689786', 'acetaminophen / diphenhydrAMINE / pseudoephedrine', 'http://www.nlm.nih.gov/research/umls/rxnorm', '2021');
INSERT INTO value_sets.expansion_member VALUES ('2f0460d0-5472-11ec-bd52-acde48001122', '819002', 'acetaminophen / diphenhydramine / guaifenesin / phenylephrine', 'http://www.nlm.nih.gov/research/umls/rxnorm', '2021');
INSERT INTO value_sets.expansion_member VALUES ('2f0460d0-5472-11ec-bd52-acde48001122', '689788', 'acetaminophen / meperidine', 'http://www.nlm.nih.gov/research/umls/rxnorm', '2021');
INSERT INTO value_sets.expansion_member VALUES ('2f0460d0-5472-11ec-bd52-acde48001122', '819002', 'acetaminophen / diphenhydrAMINE / guaiFENesin / phenylephrine', 'http://www.nlm.nih.gov/research/umls/rxnorm', '2021');
INSERT INTO value_sets.expansion_member VALUES ('2f0460d0-5472-11ec-bd52-acde48001122', '689794', 'acetaminophen / phenobarbital', 'http://www.nlm.nih.gov/research/umls/rxnorm', '2021');
INSERT INTO value_sets.expansion_member VALUES ('2f0460d0-5472-11ec-bd52-acde48001122', '819516', 'acetaminophen / diclofenac', 'http://www.nlm.nih.gov/research/umls/rxnorm', '2021');
INSERT INTO value_sets.expansion_member VALUES ('2f0460d0-5472-11ec-bd52-acde48001122', '689794', 'acetaminophen / PHENobarbital', 'http://www.nlm.nih.gov/research/umls/rxnorm', '2021');
INSERT INTO value_sets.expansion_member VALUES ('2f0460d0-5472-11ec-bd52-acde48001122', '819910', 'acetaminophen / caffeine / chlorpheniramine / phenylephrine', 'http://www.nlm.nih.gov/research/umls/rxnorm', '2021');
INSERT INTO value_sets.expansion_member VALUES ('2f0460d0-5472-11ec-bd52-acde48001122', '689796', 'acetaminophen / phenylpropanolamine', 'http://www.nlm.nih.gov/research/umls/rxnorm', '2021');
INSERT INTO value_sets.expansion_member VALUES ('2f0460d0-5472-11ec-bd52-acde48001122', '689797', 'acetaminophen / phenylpropanolamine / phenyltoloxamine', 'http://www.nlm.nih.gov/research/umls/rxnorm', '2021');
INSERT INTO value_sets.expansion_member VALUES ('0283117a-5484-11ec-932b-acde48001122', '959201281000119107', 'Pressure injury of deep tissue of left buttock (disorder)', 'http://snomed.info/sct', '2021');
INSERT INTO value_sets.expansion_member VALUES ('0283117a-5484-11ec-932b-acde48001122', '705220971000119104', 'Pressure injury of deep tissue of right hip (disorder)', 'http://snomed.info/sct', '2021');
INSERT INTO value_sets.expansion_member VALUES ('0283117a-5484-11ec-932b-acde48001122', '22120001000004107', 'Nonunion fracture of right ulna (disorder)', 'http://snomed.info/sct', '2021');
INSERT INTO value_sets.expansion_member VALUES ('0283117a-5484-11ec-932b-acde48001122', '21640001000004108', 'Subtrochanteric fracture of left femur (disorder)', 'http://snomed.info/sct', '2021');
INSERT INTO value_sets.expansion_member VALUES ('0283117a-5484-11ec-932b-acde48001122', '21080001000004105', 'Subchondral insufficiency fracture of condyle of femur (disorder)', 'http://snomed.info/sct', '2021');
INSERT INTO value_sets.expansion_member VALUES ('0283117a-5484-11ec-932b-acde48001122', '561885931000119106', 'Deep tissue pressure injury of right heel (disorder)', 'http://snomed.info/sct', '2021');
INSERT INTO value_sets.expansion_member VALUES ('0283117a-5484-11ec-932b-acde48001122', '20850001000004108', 'Deep venous thrombosis of right upper extremity (disorder)', 'http://snomed.info/sct', '2021');
INSERT INTO value_sets.expansion_member VALUES ('0283117a-5484-11ec-932b-acde48001122', '282236291000119109', 'Pressure injury of deep tissue of right buttock (disorder)', 'http://snomed.info/sct', '2021');
INSERT INTO value_sets.expansion_member VALUES ('0283117a-5484-11ec-932b-acde48001122', '20740001000004108', 'Mass of elbow region (disorder)', 'http://snomed.info/sct', '2021');
INSERT INTO value_sets.expansion_member VALUES ('0283117a-5484-11ec-932b-acde48001122', '450728161000119104', 'Pressure injury of deep tissue of left ankle (disorder)', 'http://snomed.info/sct', '2021');
INSERT INTO value_sets.expansion_member VALUES ('0283117a-5484-11ec-932b-acde48001122', '19350001000004107', 'Stress fracture of tibia and fibula (disorder)', 'http://snomed.info/sct', '2021');
INSERT INTO value_sets.expansion_member VALUES ('0283117a-5484-11ec-932b-acde48001122', '249389151000119103', 'Malignant melanoma of skin of right wrist (disorder)', 'http://snomed.info/sct', '2021');
INSERT INTO value_sets.expansion_member VALUES ('0283117a-5484-11ec-932b-acde48001122', '19060001000004103', 'Pressure ulcer of left lower limb (disorder)', 'http://snomed.info/sct', '2021');
INSERT INTO value_sets.expansion_member VALUES ('0283117a-5484-11ec-932b-acde48001122', '243971001000119103', 'Malignant melanoma of skin of right ankle (disorder)', 'http://snomed.info/sct', '2021');
INSERT INTO value_sets.expansion_member VALUES ('0283117a-5484-11ec-932b-acde48001122', '18630001000004100', 'Infection of prosthesis of right hip (disorder)', 'http://snomed.info/sct', '2021');
INSERT INTO value_sets.expansion_member VALUES ('0283117a-5484-11ec-932b-acde48001122', '139566261000119101', 'Deep tissue pressure injury of left heel (disorder)', 'http://snomed.info/sct', '2021');
INSERT INTO value_sets.expansion_member VALUES ('0283117a-5484-11ec-932b-acde48001122', '18310001000004100', 'Fracture of distal end of right radius (disorder)', 'http://snomed.info/sct', '2021');
INSERT INTO value_sets.expansion_member VALUES ('0283117a-5484-11ec-932b-acde48001122', '808558991000119105', 'Malignant melanoma of skin of left forearm (disorder)', 'http://snomed.info/sct', '2021');
INSERT INTO value_sets.expansion_member VALUES ('0283117a-5484-11ec-932b-acde48001122', '133510681000119108', 'Mass of left axillary region (finding)', 'http://snomed.info/sct', '2021');
INSERT INTO value_sets.expansion_member VALUES ('0283117a-5484-11ec-932b-acde48001122', '18230001000004102', 'Closed fracture of left pilon (disorder)', 'http://snomed.info/sct', '2021');
INSERT INTO value_sets.expansion_member VALUES ('0283117a-5484-11ec-932b-acde48001122', '104346171000119109', 'Thrombophlebitis of right peroneal vein (disorder)', 'http://snomed.info/sct', '2021');
INSERT INTO value_sets.expansion_member VALUES ('0283117a-5484-11ec-932b-acde48001122', '17320001000004103', 'Stenosis of left axillary vein (disorder)', 'http://snomed.info/sct', '2021');
INSERT INTO value_sets.expansion_member VALUES ('0283117a-5484-11ec-932b-acde48001122', '98067641000119101', 'Chronic deep venous thrombosis of right peroneal vein (disorder)', 'http://snomed.info/sct', '2021');
INSERT INTO value_sets.expansion_member VALUES ('0283117a-5484-11ec-932b-acde48001122', '16899701000119102', 'Pain of joint of bilateral hands (finding)', 'http://snomed.info/sct', '2021');
INSERT INTO value_sets.expansion_member VALUES ('0283117a-5484-11ec-932b-acde48001122', '81121301000119109', 'Acute deep venous thrombosis of bilateral peroneal veins (disorder)', 'http://snomed.info/sct', '2021');
INSERT INTO value_sets.expansion_member VALUES ('0283117a-5484-11ec-932b-acde48001122', '843433951000119102', 'Acute deep venous thrombosis of right peroneal vein (disorder)', 'http://snomed.info/sct', '2021');
INSERT INTO value_sets.expansion_member VALUES ('0283117a-5484-11ec-932b-acde48001122', '324946811000119102', 'Pressure injury of deep tissue of right ankle (disorder)', 'http://snomed.info/sct', '2021');
INSERT INTO value_sets.expansion_member VALUES ('0283117a-5484-11ec-932b-acde48001122', '16898401000119104', 'Closed mallet fracture of distal phalanx of middle finger of right hand (disorder)', 'http://snomed.info/sct', '2021');
INSERT INTO value_sets.expansion_member VALUES ('0283117a-5484-11ec-932b-acde48001122', '400375351000119102', 'Malignant melanoma of skin of left ankle (disorder)', 'http://snomed.info/sct', '2021');
INSERT INTO value_sets.expansion_member VALUES ('0283117a-5484-11ec-932b-acde48001122', '892417201000119109', 'Mass of right axillary region (finding)', 'http://snomed.info/sct', '2021');
INSERT INTO value_sets.expansion_member VALUES ('0283117a-5484-11ec-932b-acde48001122', '46557031000119105', 'Acute deep venous thrombosis of left peroneal vein (disorder)', 'http://snomed.info/sct', '2021');
INSERT INTO value_sets.expansion_member VALUES ('0283117a-5484-11ec-932b-acde48001122', '16898361000119108', 'Closed mallet fracture of distal phalanx of middle finger of left hand (disorder)', 'http://snomed.info/sct', '2021');
INSERT INTO value_sets.expansion_member VALUES ('0283117a-5484-11ec-932b-acde48001122', '32130001000004108', 'Spur of ankle bone (disorder)', 'http://snomed.info/sct', '2021');
INSERT INTO value_sets.expansion_member VALUES ('0283117a-5484-11ec-932b-acde48001122', '16898321000119103', 'Closed fracture of distal phalanx of ring finger of right hand (disorder)', 'http://snomed.info/sct', '2021');
INSERT INTO value_sets.expansion_member VALUES ('0283117a-5484-11ec-932b-acde48001122', '29750001000004107', 'Supracondylar fracture of left humerus (disorder)', 'http://snomed.info/sct', '2021');
INSERT INTO value_sets.expansion_member VALUES ('0283117a-5484-11ec-932b-acde48001122', '16891571000119103', 'Cyst of medial meniscus of left knee (disorder)', 'http://snomed.info/sct', '2021');
INSERT INTO value_sets.expansion_member VALUES ('0283117a-5484-11ec-932b-acde48001122', '25860001000004107', 'Fracture of head of right radius (disorder)', 'http://snomed.info/sct', '2021');
INSERT INTO value_sets.expansion_member VALUES ('0283117a-5484-11ec-932b-acde48001122', '985355341000119101', 'Malignant melanoma of skin of left wrist (disorder)', 'http://snomed.info/sct', '2021');
INSERT INTO value_sets.expansion_member VALUES ('0283117a-5484-11ec-932b-acde48001122', '16867081000119101', 'Closed fracture of capitellum of left humerus (disorder)', 'http://snomed.info/sct', '2021');
INSERT INTO value_sets.expansion_member VALUES ('0283117a-5484-11ec-932b-acde48001122', '961792901000119102', 'Thrombophlebitis of left peroneal vein (disorder)', 'http://snomed.info/sct', '2021');
INSERT INTO value_sets.expansion_member VALUES ('0283117a-5484-11ec-932b-acde48001122', '25820001000004100', 'Deep venous thrombosis of left upper extremity (disorder)', 'http://snomed.info/sct', '2021');
INSERT INTO value_sets.expansion_member VALUES ('0283117a-5484-11ec-932b-acde48001122', '939595491000119108', 'Malignant melanoma of skin of right forearm (disorder)', 'http://snomed.info/sct', '2021');
INSERT INTO value_sets.expansion_member VALUES ('0283117a-5484-11ec-932b-acde48001122', '16866431000119108', 'Closed fracture of capitellum of right humerus (disorder)', 'http://snomed.info/sct', '2021');
INSERT INTO value_sets.expansion_member VALUES ('0283117a-5484-11ec-932b-acde48001122', '23630001000004100', 'Supracondylar fracture of right humerus (disorder)', 'http://snomed.info/sct', '2021');
INSERT INTO value_sets.expansion_member VALUES ('0283117a-5484-11ec-932b-acde48001122', '16839401000119104', 'Low back pain co-occurrent with neuralgia of left sciatic nerve (disorder)', 'http://snomed.info/sct', '2021');
INSERT INTO value_sets.expansion_member VALUES ('0283117a-5484-11ec-932b-acde48001122', '23250001000004103', 'Fracture of medial condyle of proximal right tibia (disorder)', 'http://snomed.info/sct', '2021');
INSERT INTO value_sets.expansion_member VALUES ('0283117a-5484-11ec-932b-acde48001122', '16819541000119108', 'Spontaneous rupture of plantar fascia of left foot (disorder)', 'http://snomed.info/sct', '2021');
INSERT INTO value_sets.expansion_member VALUES ('0283117a-5484-11ec-932b-acde48001122', '856856651000119109', 'Chronic deep venous thrombosis of left peroneal vein (disorder)', 'http://snomed.info/sct', '2021');
INSERT INTO value_sets.expansion_member VALUES ('0283117a-5484-11ec-932b-acde48001122', '22770001000004100', 'Comminuted fracture of left humerus (disorder)', 'http://snomed.info/sct', '2021');
INSERT INTO value_sets.expansion_member VALUES ('0283117a-5484-11ec-932b-acde48001122', '392913311000119107', 'Pressure injury of deep tissue of left hip (disorder)', 'http://snomed.info/sct', '2021');
INSERT INTO value_sets.expansion_member VALUES ('5b728894-5487-11ec-97f2-acde48001122', '20850001000004108', 'Deep venous thrombosis of right upper extremity (disorder)', 'http://snomed.info/sct', '2021');
INSERT INTO value_sets.expansion_member VALUES ('5b728894-5487-11ec-97f2-acde48001122', '282236291000119109', 'Pressure injury of deep tissue of right buttock (disorder)', 'http://snomed.info/sct', '2021');
INSERT INTO value_sets.expansion_member VALUES ('5b728894-5487-11ec-97f2-acde48001122', '20740001000004108', 'Mass of elbow region (disorder)', 'http://snomed.info/sct', '2021');
INSERT INTO value_sets.expansion_member VALUES ('5b728894-5487-11ec-97f2-acde48001122', '450728161000119104', 'Pressure injury of deep tissue of left ankle (disorder)', 'http://snomed.info/sct', '2021');
INSERT INTO value_sets.expansion_member VALUES ('5b728894-5487-11ec-97f2-acde48001122', '705220971000119104', 'Pressure injury of deep tissue of right hip (disorder)', 'http://snomed.info/sct', '2021');
INSERT INTO value_sets.expansion_member VALUES ('5b728894-5487-11ec-97f2-acde48001122', '19350001000004107', 'Stress fracture of tibia and fibula (disorder)', 'http://snomed.info/sct', '2021');
INSERT INTO value_sets.expansion_member VALUES ('5b728894-5487-11ec-97f2-acde48001122', '249389151000119103', 'Malignant melanoma of skin of right wrist (disorder)', 'http://snomed.info/sct', '2021');
INSERT INTO value_sets.expansion_member VALUES ('5b728894-5487-11ec-97f2-acde48001122', '19060001000004103', 'Pressure ulcer of left lower limb (disorder)', 'http://snomed.info/sct', '2021');
INSERT INTO value_sets.expansion_member VALUES ('5b728894-5487-11ec-97f2-acde48001122', '243971001000119103', 'Malignant melanoma of skin of right ankle (disorder)', 'http://snomed.info/sct', '2021');
INSERT INTO value_sets.expansion_member VALUES ('5b728894-5487-11ec-97f2-acde48001122', '18630001000004100', 'Infection of prosthesis of right hip (disorder)', 'http://snomed.info/sct', '2021');
INSERT INTO value_sets.expansion_member VALUES ('5b728894-5487-11ec-97f2-acde48001122', '139566261000119101', 'Deep tissue pressure injury of left heel (disorder)', 'http://snomed.info/sct', '2021');
INSERT INTO value_sets.expansion_member VALUES ('5b728894-5487-11ec-97f2-acde48001122', '18310001000004100', 'Fracture of distal end of right radius (disorder)', 'http://snomed.info/sct', '2021');
INSERT INTO value_sets.expansion_member VALUES ('5b728894-5487-11ec-97f2-acde48001122', '959201281000119107', 'Pressure injury of deep tissue of left buttock (disorder)', 'http://snomed.info/sct', '2021');
INSERT INTO value_sets.expansion_member VALUES ('5b728894-5487-11ec-97f2-acde48001122', '133510681000119108', 'Mass of left axillary region (finding)', 'http://snomed.info/sct', '2021');
INSERT INTO value_sets.expansion_member VALUES ('5b728894-5487-11ec-97f2-acde48001122', '18230001000004102', 'Closed fracture of left pilon (disorder)', 'http://snomed.info/sct', '2021');
INSERT INTO value_sets.expansion_member VALUES ('5b728894-5487-11ec-97f2-acde48001122', '400375351000119102', 'Malignant melanoma of skin of left ankle (disorder)', 'http://snomed.info/sct', '2021');
INSERT INTO value_sets.expansion_member VALUES ('5b728894-5487-11ec-97f2-acde48001122', '104346171000119109', 'Thrombophlebitis of right peroneal vein (disorder)', 'http://snomed.info/sct', '2021');
INSERT INTO value_sets.expansion_member VALUES ('5b728894-5487-11ec-97f2-acde48001122', '17320001000004103', 'Stenosis of left axillary vein (disorder)', 'http://snomed.info/sct', '2021');
INSERT INTO value_sets.expansion_member VALUES ('5b728894-5487-11ec-97f2-acde48001122', '843433951000119102', 'Acute deep venous thrombosis of right peroneal vein (disorder)', 'http://snomed.info/sct', '2021');
INSERT INTO value_sets.expansion_member VALUES ('5b728894-5487-11ec-97f2-acde48001122', '98067641000119101', 'Chronic deep venous thrombosis of right peroneal vein (disorder)', 'http://snomed.info/sct', '2021');
INSERT INTO value_sets.expansion_member VALUES ('5b728894-5487-11ec-97f2-acde48001122', '561885931000119106', 'Deep tissue pressure injury of right heel (disorder)', 'http://snomed.info/sct', '2021');
INSERT INTO value_sets.expansion_member VALUES ('5b728894-5487-11ec-97f2-acde48001122', '16899701000119102', 'Pain of joint of bilateral hands (finding)', 'http://snomed.info/sct', '2021');
INSERT INTO value_sets.expansion_member VALUES ('5b728894-5487-11ec-97f2-acde48001122', '81121301000119109', 'Acute deep venous thrombosis of bilateral peroneal veins (disorder)', 'http://snomed.info/sct', '2021');
INSERT INTO value_sets.expansion_member VALUES ('5b728894-5487-11ec-97f2-acde48001122', '16898401000119104', 'Closed mallet fracture of distal phalanx of middle finger of right hand (disorder)', 'http://snomed.info/sct', '2021');
INSERT INTO value_sets.expansion_member VALUES ('5b728894-5487-11ec-97f2-acde48001122', '324946811000119102', 'Pressure injury of deep tissue of right ankle (disorder)', 'http://snomed.info/sct', '2021');
INSERT INTO value_sets.expansion_member VALUES ('5b728894-5487-11ec-97f2-acde48001122', '46557031000119105', 'Acute deep venous thrombosis of left peroneal vein (disorder)', 'http://snomed.info/sct', '2021');
INSERT INTO value_sets.expansion_member VALUES ('5b728894-5487-11ec-97f2-acde48001122', '16898361000119108', 'Closed mallet fracture of distal phalanx of middle finger of left hand (disorder)', 'http://snomed.info/sct', '2021');
INSERT INTO value_sets.expansion_member VALUES ('5b728894-5487-11ec-97f2-acde48001122', '32130001000004108', 'Spur of ankle bone (disorder)', 'http://snomed.info/sct', '2021');
INSERT INTO value_sets.expansion_member VALUES ('5b728894-5487-11ec-97f2-acde48001122', '16898321000119103', 'Closed fracture of distal phalanx of ring finger of right hand (disorder)', 'http://snomed.info/sct', '2021');
INSERT INTO value_sets.expansion_member VALUES ('5b728894-5487-11ec-97f2-acde48001122', '29750001000004107', 'Supracondylar fracture of left humerus (disorder)', 'http://snomed.info/sct', '2021');
INSERT INTO value_sets.expansion_member VALUES ('5b728894-5487-11ec-97f2-acde48001122', '16891571000119103', 'Cyst of medial meniscus of left knee (disorder)', 'http://snomed.info/sct', '2021');
INSERT INTO value_sets.expansion_member VALUES ('5b728894-5487-11ec-97f2-acde48001122', '892417201000119109', 'Mass of right axillary region (finding)', 'http://snomed.info/sct', '2021');
INSERT INTO value_sets.expansion_member VALUES ('5b728894-5487-11ec-97f2-acde48001122', '25860001000004107', 'Fracture of head of right radius (disorder)', 'http://snomed.info/sct', '2021');
INSERT INTO value_sets.expansion_member VALUES ('5b728894-5487-11ec-97f2-acde48001122', '16867081000119101', 'Closed fracture of capitellum of left humerus (disorder)', 'http://snomed.info/sct', '2021');
INSERT INTO value_sets.expansion_member VALUES ('5b728894-5487-11ec-97f2-acde48001122', '25820001000004100', 'Deep venous thrombosis of left upper extremity (disorder)', 'http://snomed.info/sct', '2021');
INSERT INTO value_sets.expansion_member VALUES ('5b728894-5487-11ec-97f2-acde48001122', '961792901000119102', 'Thrombophlebitis of left peroneal vein (disorder)', 'http://snomed.info/sct', '2021');
INSERT INTO value_sets.expansion_member VALUES ('5b728894-5487-11ec-97f2-acde48001122', '16866431000119108', 'Closed fracture of capitellum of right humerus (disorder)', 'http://snomed.info/sct', '2021');
INSERT INTO value_sets.expansion_member VALUES ('5b728894-5487-11ec-97f2-acde48001122', '23630001000004100', 'Supracondylar fracture of right humerus (disorder)', 'http://snomed.info/sct', '2021');
INSERT INTO value_sets.expansion_member VALUES ('5b728894-5487-11ec-97f2-acde48001122', '16839401000119104', 'Low back pain co-occurrent with neuralgia of left sciatic nerve (disorder)', 'http://snomed.info/sct', '2021');
INSERT INTO value_sets.expansion_member VALUES ('5b728894-5487-11ec-97f2-acde48001122', '23250001000004103', 'Fracture of medial condyle of proximal right tibia (disorder)', 'http://snomed.info/sct', '2021');
INSERT INTO value_sets.expansion_member VALUES ('5b728894-5487-11ec-97f2-acde48001122', '16819541000119108', 'Spontaneous rupture of plantar fascia of left foot (disorder)', 'http://snomed.info/sct', '2021');
INSERT INTO value_sets.expansion_member VALUES ('5b728894-5487-11ec-97f2-acde48001122', '22770001000004100', 'Comminuted fracture of left humerus (disorder)', 'http://snomed.info/sct', '2021');
INSERT INTO value_sets.expansion_member VALUES ('5b728894-5487-11ec-97f2-acde48001122', '939595491000119108', 'Malignant melanoma of skin of right forearm (disorder)', 'http://snomed.info/sct', '2021');
INSERT INTO value_sets.expansion_member VALUES ('5b728894-5487-11ec-97f2-acde48001122', '808558991000119105', 'Malignant melanoma of skin of left forearm (disorder)', 'http://snomed.info/sct', '2021');
INSERT INTO value_sets.expansion_member VALUES ('5b728894-5487-11ec-97f2-acde48001122', '392913311000119107', 'Pressure injury of deep tissue of left hip (disorder)', 'http://snomed.info/sct', '2021');
INSERT INTO value_sets.expansion_member VALUES ('5b728894-5487-11ec-97f2-acde48001122', '22120001000004107', 'Nonunion fracture of right ulna (disorder)', 'http://snomed.info/sct', '2021');
INSERT INTO value_sets.expansion_member VALUES ('5b728894-5487-11ec-97f2-acde48001122', '985355341000119101', 'Malignant melanoma of skin of left wrist (disorder)', 'http://snomed.info/sct', '2021');
INSERT INTO value_sets.expansion_member VALUES ('5b728894-5487-11ec-97f2-acde48001122', '21640001000004108', 'Subtrochanteric fracture of left femur (disorder)', 'http://snomed.info/sct', '2021');
INSERT INTO value_sets.expansion_member VALUES ('5b728894-5487-11ec-97f2-acde48001122', '856856651000119109', 'Chronic deep venous thrombosis of left peroneal vein (disorder)', 'http://snomed.info/sct', '2021');
INSERT INTO value_sets.expansion_member VALUES ('5b728894-5487-11ec-97f2-acde48001122', '21080001000004105', 'Subchondral insufficiency fracture of condyle of femur (disorder)', 'http://snomed.info/sct', '2021');


--
-- TOC entry 4538 (class 0 OID 89536)
-- Dependencies: 273
-- Data for Name: extensional_member; Type: TABLE DATA; Schema: value_sets; Owner: -
--

INSERT INTO value_sets.extensional_member VALUES ('157068b8-27a8-11ec-9621-0242ac130002', '444604002', 'Rey Johnson', '987ffe8a-27a8-11ec-9621-0242ac130002', '3b07a086-2227-11ec-9621-0242ac130002', 'Carcinoma of breast with ductal and lobular features (disorder)');
INSERT INTO value_sets.extensional_member VALUES ('1f5e6b6c-27a9-11ec-9621-0242ac130002', '372092003', 'Rey Johnson', '987ffe8a-27a8-11ec-9621-0242ac130002', '3b07a086-2227-11ec-9621-0242ac130002', 'Primary malignant neoplasm of axillary tail of breast (disorder)');


--
-- TOC entry 4532 (class 0 OID 56695)
-- Dependencies: 243
-- Data for Name: history; Type: TABLE DATA; Schema: value_sets; Owner: -
--

INSERT INTO value_sets.history VALUES (4, '2021-08-25 22:16:48.955813+00', 'value_sets', 'value_set', 'INSERT', NULL, '{"uuid":"b1e42ad7-15f5-4680-8e87-2b178ea6b6d0","url":"/test/","identifier":"vs-test","name":"vs-test","title":"vs-test","publisher":"Project Ronin","contact":"Rey","description":"a test","immutable":false,"experimental":false,"purpose":"testing"}', NULL);
INSERT INTO value_sets.history VALUES (5, '2021-08-25 22:34:51.701777+00', 'value_sets', 'value_set_version', 'INSERT', NULL, '{"uuid":"7d7fe5f4-216f-4cb3-bba5-50378298bd96","effective_start":"2020-01-01","effective_end":"2022-01-01","version":"1.0","value_set_uuid":"b1e42ad7-15f5-4680-8e87-2b178ea6b6d0","status":"Draft","description":"test version"}', NULL);
INSERT INTO value_sets.history VALUES (6, '2021-08-25 22:36:02.98791+00', 'value_sets', 'value_set_member', 'INSERT', NULL, '{"uuid":"161f4c10-6505-440b-95bd-387f1bb2e1b7","vs_version_uuid":"7d7fe5f4-216f-4cb3-bba5-50378298bd96","code":"A100","terminology":"ICD-10 PCS","added_by":"Rey Johnson"}', NULL);
INSERT INTO value_sets.history VALUES (7, '2021-09-29 16:29:33.422774+00', 'value_sets', 'value_set', 'INSERT', NULL, '{"uuid":"24a78936-2142-11ec-9621-0242ac130002","url":"/null/","identifier":"test-elixahuser-vascular-conditions","name":"Test Elixahuser Vascular Conditions","title":"Test Elixahuser Vascular Conditions","publisher":"Project Ronin","contact":"Rey","description":"Test intensional value set for ICD-10 CM","immutable":false,"experimental":false,"purpose":"testing"}', NULL);
INSERT INTO value_sets.history VALUES (9, '2021-09-29 17:45:24.256445+00', 'value_sets', 'value_set_version', 'INSERT', NULL, '{"uuid":"f38a3352-214c-11ec-9621-0242ac130002","effective_start":"2021-01-01","effective_end":"2021-12-31","version":"1.0","value_set_uuid":"24a78936-2142-11ec-9621-0242ac130002","status":"Draft","description":"initial version of test value set"}', NULL);
INSERT INTO value_sets.history VALUES (10, '2021-10-01 16:37:07.612701+00', 'value_sets', 'value_set', 'UPDATE', NULL, '{"uuid":"24a78936-2142-11ec-9621-0242ac130002","url":"/null/","identifier":"test-breast-cancer","name":"Test Breast Cancer","title":"Test Elixahuser Vascular Conditions","publisher":"Project Ronin","contact":"Rey","description":"Test intensional value set for ICD-10 CM","immutable":false,"experimental":false,"purpose":"testing"}', '{"uuid":"24a78936-2142-11ec-9621-0242ac130002","url":"/null/","identifier":"test-elixahuser-vascular-conditions","name":"Test Elixahuser Vascular Conditions","title":"Test Elixahuser Vascular Conditions","publisher":"Project Ronin","contact":"Rey","description":"Test intensional value set for ICD-10 CM","immutable":false,"experimental":false,"purpose":"testing"}');
INSERT INTO value_sets.history VALUES (11, '2021-10-06 21:59:51.907551+00', 'value_sets', 'value_set_rule', 'UPDATE', NULL, '{"uuid":"49634a76-215b-11ec-9621-0242ac130002","position":1,"description":"Rule for required codes","property":"code","operator":"descendent-of","value":"C79","include":true,"value_set_version":"f38a3352-214c-11ec-9621-0242ac130002","terminology_version":"0191c3e4-215b-11ec-9621-0242ac130002"}', '{"uuid":"49634a76-215b-11ec-9621-0242ac130002","position":1,"description":"Rule for required codes","property":"descendent-of","operator":"in","value":"C79","include":true,"value_set_version":"f38a3352-214c-11ec-9621-0242ac130002","terminology_version":"0191c3e4-215b-11ec-9621-0242ac130002"}');
INSERT INTO value_sets.history VALUES (12, '2021-10-06 21:59:51.907551+00', 'value_sets', 'value_set_rule', 'UPDATE', NULL, '{"uuid":"81836810-2227-11ec-9621-0242ac130002","position":2,"description":"SNOMED inclusion rule","property":"code","operator":"direct-child","value":"372137005","include":true,"value_set_version":"f38a3352-214c-11ec-9621-0242ac130002","terminology_version":"3b07a086-2227-11ec-9621-0242ac130002"}', '{"uuid":"81836810-2227-11ec-9621-0242ac130002","position":2,"description":"SNOMED inclusion rule","property":"direct-child","operator":"in","value":"372137005","include":true,"value_set_version":"f38a3352-214c-11ec-9621-0242ac130002","terminology_version":"3b07a086-2227-11ec-9621-0242ac130002"}');
INSERT INTO value_sets.history VALUES (13, '2021-10-07 19:42:15.407592+00', 'value_sets', 'value_set', 'UPDATE', NULL, '{"uuid":"24a78936-2142-11ec-9621-0242ac130002","url":"/null/","identifier":"test-breast-cancer","name":"Test Breast Cancer","title":"Test Elixahuser Vascular Conditions","publisher":"Project Ronin","contact":"Rey","description":"Test intensional value set for ICD-10 CM","immutable":false,"experimental":false,"purpose":"testing","type":"intensional"}', '{"uuid":"24a78936-2142-11ec-9621-0242ac130002","url":"/null/","identifier":"test-breast-cancer","name":"Test Breast Cancer","title":"Test Elixahuser Vascular Conditions","publisher":"Project Ronin","contact":"Rey","description":"Test intensional value set for ICD-10 CM","immutable":false,"experimental":false,"purpose":"testing","type":null}');
INSERT INTO value_sets.history VALUES (14, '2021-10-07 19:42:15.407592+00', 'value_sets', 'value_set', 'UPDATE', NULL, '{"uuid":"b1e42ad7-15f5-4680-8e87-2b178ea6b6d0","url":"/test/","identifier":"vs-test","name":"vs-test","title":"vs-test","publisher":"Project Ronin","contact":"Rey","description":"a test","immutable":false,"experimental":false,"purpose":"testing","type":"intensional"}', '{"uuid":"b1e42ad7-15f5-4680-8e87-2b178ea6b6d0","url":"/test/","identifier":"vs-test","name":"vs-test","title":"vs-test","publisher":"Project Ronin","contact":"Rey","description":"a test","immutable":false,"experimental":false,"purpose":"testing","type":null}');
INSERT INTO value_sets.history VALUES (15, '2021-10-07 19:52:57.889894+00', 'value_sets', 'extensional_members', 'INSERT', NULL, '{"uuid":"157068b8-27a8-11ec-9621-0242ac130002","code":"444604002","added_by":"Rey Johnson","vs_version_uuid":"f38a3352-214c-11ec-9621-0242ac130002","terminology_version_uuid":"3b07a086-2227-11ec-9621-0242ac130002","display":"Carcinoma of breast with ductal and lobular features (disorder)"}', NULL);
INSERT INTO value_sets.history VALUES (16, '2021-10-07 19:55:15.733552+00', 'value_sets', 'value_set', 'UPDATE', NULL, '{"uuid":"24a78936-2142-11ec-9621-0242ac130002","url":"/null/","identifier":"test-breast-cancer","name":"Test Breast Cancer","title":"Test Elixahuser Vascular Conditions","publisher":"Project Ronin","contact":"Rey","description":"Test intensional value set for ICD-10 CM","immutable":false,"experimental":true,"purpose":"testing","type":"intensional"}', '{"uuid":"24a78936-2142-11ec-9621-0242ac130002","url":"/null/","identifier":"test-breast-cancer","name":"Test Breast Cancer","title":"Test Elixahuser Vascular Conditions","publisher":"Project Ronin","contact":"Rey","description":"Test intensional value set for ICD-10 CM","immutable":false,"experimental":false,"purpose":"testing","type":"intensional"}');
INSERT INTO value_sets.history VALUES (17, '2021-10-07 19:55:15.733552+00', 'value_sets', 'value_set', 'UPDATE', NULL, '{"uuid":"b1e42ad7-15f5-4680-8e87-2b178ea6b6d0","url":"/test/","identifier":"vs-test","name":"vs-test","title":"vs-test","publisher":"Project Ronin","contact":"Rey","description":"a test","immutable":false,"experimental":true,"purpose":"testing","type":"intensional"}', '{"uuid":"b1e42ad7-15f5-4680-8e87-2b178ea6b6d0","url":"/test/","identifier":"vs-test","name":"vs-test","title":"vs-test","publisher":"Project Ronin","contact":"Rey","description":"a test","immutable":false,"experimental":false,"purpose":"testing","type":"intensional"}');
INSERT INTO value_sets.history VALUES (18, '2021-10-07 19:55:15.733552+00', 'value_sets', 'value_set', 'INSERT', NULL, '{"uuid":"328b1fc4-27a8-11ec-9621-0242ac130002","url":"/extenstional-test/","identifier":"extensional-test","name":"Extensional Value Set Test","title":"Extensional Value Set Test","publisher":"Project Ronin","contact":"Rey","description":"Test that extensional value sets work","immutable":false,"experimental":true,"purpose":"testing","type":null}', NULL);
INSERT INTO value_sets.history VALUES (19, '2021-10-07 19:56:07.467864+00', 'value_sets', 'value_set_version', 'INSERT', NULL, '{"uuid":"987ffe8a-27a8-11ec-9621-0242ac130002","effective_start":"2021-01-01","effective_end":"2021-12-31","version":"1.0","value_set_uuid":"328b1fc4-27a8-11ec-9621-0242ac130002","status":"Draft","description":"version 1"}', NULL);
INSERT INTO value_sets.history VALUES (20, '2021-10-07 19:56:23.030353+00', 'value_sets', 'extensional_members', 'UPDATE', NULL, '{"uuid":"157068b8-27a8-11ec-9621-0242ac130002","code":"444604002","added_by":"Rey Johnson","vs_version_uuid":"987ffe8a-27a8-11ec-9621-0242ac130002","terminology_version_uuid":"3b07a086-2227-11ec-9621-0242ac130002","display":"Carcinoma of breast with ductal and lobular features (disorder)"}', '{"uuid":"157068b8-27a8-11ec-9621-0242ac130002","code":"444604002","added_by":"Rey Johnson","vs_version_uuid":"f38a3352-214c-11ec-9621-0242ac130002","terminology_version_uuid":"3b07a086-2227-11ec-9621-0242ac130002","display":"Carcinoma of breast with ductal and lobular features (disorder)"}');
INSERT INTO value_sets.history VALUES (22, '2021-10-07 19:59:52.57705+00', 'value_sets', 'extensional_members', 'INSERT', NULL, '{"uuid":"1f5e6b6c-27a9-11ec-9621-0242ac130002","code":"372092003","added_by":"Rey Johnson","vs_version_uuid":"987ffe8a-27a8-11ec-9621-0242ac130002","terminology_version_uuid":"3b07a086-2227-11ec-9621-0242ac130002","display":"Primary malignant neoplasm of axillary tail of breast (disorder)"}', NULL);
INSERT INTO value_sets.history VALUES (23, '2021-10-07 21:09:24.004879+00', 'value_sets', 'value_set', 'UPDATE', NULL, '{"uuid":"328b1fc4-27a8-11ec-9621-0242ac130002","url":"/extenstional-test/","identifier":"extensional-test","name":"Extensional Value Set Test","title":"Extensional Value Set Test","publisher":"Project Ronin","contact":"Rey","description":"Test that extensional value sets work","immutable":false,"experimental":true,"purpose":"testing","type":"extensional"}', '{"uuid":"328b1fc4-27a8-11ec-9621-0242ac130002","url":"/extenstional-test/","identifier":"extensional-test","name":"Extensional Value Set Test","title":"Extensional Value Set Test","publisher":"Project Ronin","contact":"Rey","description":"Test that extensional value sets work","immutable":false,"experimental":true,"purpose":"testing","type":null}');
INSERT INTO value_sets.history VALUES (24, '2021-10-08 16:46:36.17928+00', 'value_sets', 'value_set', 'INSERT', NULL, '{"uuid":"245ec81a-2857-11ec-9621-0242ac130002","url":"/rxnorm-test/","identifier":"rxnorm-test","name":"RxNorm Test","title":"RxNorm Test","publisher":"Project Ronin","contact":"Rey and Hao","description":"a test value set","immutable":false,"experimental":true,"purpose":"testing","type":"intensional"}', NULL);
INSERT INTO value_sets.history VALUES (25, '2021-10-08 16:47:31.679275+00', 'value_sets', 'value_set_version', 'INSERT', NULL, '{"uuid":"64c5d2c2-2857-11ec-9621-0242ac130002","effective_start":"2021-01-01","effective_end":"2021-12-31","version":"1.0","value_set_uuid":"245ec81a-2857-11ec-9621-0242ac130002","status":"Draft","description":"initial version"}', NULL);
INSERT INTO value_sets.history VALUES (26, '2021-10-08 16:52:09.959508+00', 'value_sets', 'value_set_rule', 'INSERT', NULL, '{"uuid":"fb12933c-2857-11ec-9621-0242ac130002","position":1,"description":"RxNorm rule to include SNOMED","property":"SAB","operator":"=","value":"SNOMEDCT_US","include":true,"value_set_version":"64c5d2c2-2857-11ec-9621-0242ac130002","terminology_version":"3b07a086-2227-11ec-9621-0242ac130002"}', NULL);
INSERT INTO value_sets.history VALUES (27, '2021-10-08 16:52:39.350086+00', 'value_sets', 'value_set_rule', 'UPDATE', NULL, '{"uuid":"fb12933c-2857-11ec-9621-0242ac130002","position":1,"description":"RxNorm rule to include SNOMED","property":"SAB","operator":"=","value":"SNOMEDCT_US","include":true,"value_set_version":"64c5d2c2-2857-11ec-9621-0242ac130002","terminology_version":"85d038ea-2857-11ec-9621-0242ac130002"}', '{"uuid":"fb12933c-2857-11ec-9621-0242ac130002","position":1,"description":"RxNorm rule to include SNOMED","property":"SAB","operator":"=","value":"SNOMEDCT_US","include":true,"value_set_version":"64c5d2c2-2857-11ec-9621-0242ac130002","terminology_version":"3b07a086-2227-11ec-9621-0242ac130002"}');
INSERT INTO value_sets.history VALUES (28, '2021-10-08 17:06:29.614127+00', 'value_sets', 'value_set_rule', 'INSERT', NULL, '{"uuid":"20356954-2859-11ec-9621-0242ac130002","position":1,"description":"RxNorm rule to specify term type SCD","property":"TTY","operator":"=","value":"SCD","include":true,"value_set_version":"64c5d2c2-2857-11ec-9621-0242ac130002","terminology_version":"85d038ea-2857-11ec-9621-0242ac130002"}', NULL);
INSERT INTO value_sets.history VALUES (29, '2021-10-08 17:07:24.191938+00', 'value_sets', 'value_set_rule', 'DELETE', NULL, NULL, '{"uuid":"fb12933c-2857-11ec-9621-0242ac130002","position":1,"description":"RxNorm rule to include SNOMED","property":"SAB","operator":"=","value":"SNOMEDCT_US","include":true,"value_set_version":"64c5d2c2-2857-11ec-9621-0242ac130002","terminology_version":"85d038ea-2857-11ec-9621-0242ac130002"}');
INSERT INTO value_sets.history VALUES (30, '2021-10-08 17:30:37.594899+00', 'value_sets', 'value_set_rule', 'UPDATE', NULL, '{"uuid":"20356954-2859-11ec-9621-0242ac130002","position":1,"description":"RxNorm rule to specify term type SCD","property":"CHD","operator":"=","value":"CUI:56946","include":true,"value_set_version":"64c5d2c2-2857-11ec-9621-0242ac130002","terminology_version":"85d038ea-2857-11ec-9621-0242ac130002"}', '{"uuid":"20356954-2859-11ec-9621-0242ac130002","position":1,"description":"RxNorm rule to specify term type SCD","property":"TTY","operator":"=","value":"SCD","include":true,"value_set_version":"64c5d2c2-2857-11ec-9621-0242ac130002","terminology_version":"85d038ea-2857-11ec-9621-0242ac130002"}');
INSERT INTO value_sets.history VALUES (31, '2021-10-08 17:44:09.093262+00', 'value_sets', 'value_set_rule', 'UPDATE', NULL, '{"uuid":"20356954-2859-11ec-9621-0242ac130002","position":1,"description":"RxNorm rule to specify term type SCD","property":"CHD","operator":"=","value":"CUI:161","include":true,"value_set_version":"64c5d2c2-2857-11ec-9621-0242ac130002","terminology_version":"85d038ea-2857-11ec-9621-0242ac130002"}', '{"uuid":"20356954-2859-11ec-9621-0242ac130002","position":1,"description":"RxNorm rule to specify term type SCD","property":"CHD","operator":"=","value":"CUI:56946","include":true,"value_set_version":"64c5d2c2-2857-11ec-9621-0242ac130002","terminology_version":"85d038ea-2857-11ec-9621-0242ac130002"}');
INSERT INTO value_sets.history VALUES (32, '2021-10-08 17:48:41.639923+00', 'value_sets', 'value_set_rule', 'UPDATE', NULL, '{"uuid":"20356954-2859-11ec-9621-0242ac130002","position":1,"description":"RxNorm rule to specify term type SCD","property":"RB","operator":"=","value":"CUI:161","include":true,"value_set_version":"64c5d2c2-2857-11ec-9621-0242ac130002","terminology_version":"85d038ea-2857-11ec-9621-0242ac130002"}', '{"uuid":"20356954-2859-11ec-9621-0242ac130002","position":1,"description":"RxNorm rule to specify term type SCD","property":"CHD","operator":"=","value":"CUI:161","include":true,"value_set_version":"64c5d2c2-2857-11ec-9621-0242ac130002","terminology_version":"85d038ea-2857-11ec-9621-0242ac130002"}');
INSERT INTO value_sets.history VALUES (33, '2021-10-08 18:42:12.867244+00', 'value_sets', 'value_set_rule', 'UPDATE', NULL, '{"uuid":"20356954-2859-11ec-9621-0242ac130002","position":1,"description":"RxNorm rule to specify term type SCD","property":"included_in","operator":"=","value":"CUI:161","include":true,"value_set_version":"64c5d2c2-2857-11ec-9621-0242ac130002","terminology_version":"85d038ea-2857-11ec-9621-0242ac130002"}', '{"uuid":"20356954-2859-11ec-9621-0242ac130002","position":1,"description":"RxNorm rule to specify term type SCD","property":"RB","operator":"=","value":"CUI:161","include":true,"value_set_version":"64c5d2c2-2857-11ec-9621-0242ac130002","terminology_version":"85d038ea-2857-11ec-9621-0242ac130002"}');
INSERT INTO value_sets.history VALUES (52, '2021-10-12 22:58:28.478912+00', 'value_sets', 'value_set_rule', 'INSERT', NULL, '{"uuid":"e99ec390-2baf-11ec-a5e2-a5f73bd175e4","position":null,"description":"Fracture regex rule","property":"display","operator":"regex","value":"fracture","include":true,"value_set_version":"ff23f850-2b9d-11ec-82f9-07cc672f6488","terminology_version":"0191c3e4-215b-11ec-9621-0242ac130002"}', NULL);
INSERT INTO value_sets.history VALUES (153, '2021-12-03 19:49:56.223986+00', 'value_sets', 'expansion_member', 'INSERT', NULL, '{"expansion_uuid":"2f0460d0-5472-11ec-bd52-acde48001122","code":"214181","display":"acetaminophen / diphenhydramine","system":"http://www.nlm.nih.gov/research/umls/rxnorm","version":"2021"}', NULL);
INSERT INTO value_sets.history VALUES (34, '2021-10-08 18:47:04.02317+00', 'value_sets', 'value_set_rule', 'UPDATE', NULL, '{"uuid":"20356954-2859-11ec-9621-0242ac130002","position":1,"description":"RxNorm rule to specify term type SCD","property":"part_of","operator":"=","value":"CUI:161","include":true,"value_set_version":"64c5d2c2-2857-11ec-9621-0242ac130002","terminology_version":"85d038ea-2857-11ec-9621-0242ac130002"}', '{"uuid":"20356954-2859-11ec-9621-0242ac130002","position":1,"description":"RxNorm rule to specify term type SCD","property":"included_in","operator":"=","value":"CUI:161","include":true,"value_set_version":"64c5d2c2-2857-11ec-9621-0242ac130002","terminology_version":"85d038ea-2857-11ec-9621-0242ac130002"}');
INSERT INTO value_sets.history VALUES (35, '2021-10-08 19:20:05.768272+00', 'value_sets', 'value_set_rule', 'UPDATE', NULL, '{"uuid":"81836810-2227-11ec-9621-0242ac130002","position":2,"description":"SNOMED inclusion rule","property":"concept","operator":"is-a","value":"372137005","include":true,"value_set_version":"f38a3352-214c-11ec-9621-0242ac130002","terminology_version":"3b07a086-2227-11ec-9621-0242ac130002"}', '{"uuid":"81836810-2227-11ec-9621-0242ac130002","position":2,"description":"SNOMED inclusion rule","property":"code","operator":"direct-child","value":"372137005","include":true,"value_set_version":"f38a3352-214c-11ec-9621-0242ac130002","terminology_version":"3b07a086-2227-11ec-9621-0242ac130002"}');
INSERT INTO value_sets.history VALUES (37, '2021-10-11 20:14:22.424572+00', 'value_sets', 'value_set', 'INSERT', NULL, '{"uuid":"d28e70f0-2acf-11ec-b0da-99460ec1b519","url":null,"identifier":null,"name":null,"title":"Test Arm Fractures","publisher":"Project Ronin","contact":"Rey","description":"ICD-10 CM arm fracture codes","immutable":false,"experimental":true,"purpose":"testing","type":"intensional"}', NULL);
INSERT INTO value_sets.history VALUES (38, '2021-10-11 20:20:54.235784+00', 'value_sets', 'value_set', 'DELETE', NULL, NULL, '{"uuid":"d28e70f0-2acf-11ec-b0da-99460ec1b519","url":null,"identifier":null,"name":null,"title":"Test Arm Fractures","publisher":"Project Ronin","contact":"Rey","description":"ICD-10 CM arm fracture codes","immutable":false,"experimental":true,"purpose":"testing","type":"intensional"}');
INSERT INTO value_sets.history VALUES (39, '2021-10-11 20:21:35.485757+00', 'value_sets', 'value_set', 'INSERT', NULL, '{"uuid":"d4b1f7c0-2ad0-11ec-b0da-99460ec1b519","url":null,"identifier":null,"name":"Test arm fractures","title":"Test arm fractures","publisher":"Project Ronin","contact":"Rey","description":"ICD-10 CM arm fracture codes","immutable":false,"experimental":true,"purpose":"testing","type":"intensional"}', NULL);
INSERT INTO value_sets.history VALUES (40, '2021-10-11 21:04:55.901527+00', 'value_sets', 'value_set_version', 'INSERT', NULL, '{"uuid":"153f18a0-2ad5-11ec-a4fa-61fa59153af6","effective_start":"2021-01-01","effective_end":"2021-12-31","version":"1.1","value_set_uuid":"24a78936-2142-11ec-9621-0242ac130002","status":"Draft","description":"new version"}', NULL);
INSERT INTO value_sets.history VALUES (41, '2021-10-11 21:05:01.182749+00', 'value_sets', 'value_set_rule', 'INSERT', NULL, '{"uuid":"e601fa60-2ad6-11ec-b1de-000000000000","position":1,"description":"Rule for required codes","property":"code","operator":"descendent-of","value":"C79","include":true,"value_set_version":"153f18a0-2ad5-11ec-a4fa-61fa59153af6","terminology_version":"0191c3e4-215b-11ec-9621-0242ac130002"}', NULL);
INSERT INTO value_sets.history VALUES (42, '2021-10-11 21:05:01.182749+00', 'value_sets', 'value_set_rule', 'INSERT', NULL, '{"uuid":"e601fa61-2ad6-11ec-b1de-000000000000","position":2,"description":"SNOMED inclusion rule","property":"concept","operator":"is-a","value":"372137005","include":true,"value_set_version":"153f18a0-2ad5-11ec-a4fa-61fa59153af6","terminology_version":"3b07a086-2227-11ec-9621-0242ac130002"}', NULL);
INSERT INTO value_sets.history VALUES (43, '2021-10-12 17:48:05.085819+00', 'value_sets', 'value_set', 'INSERT', NULL, '{"uuid":"8d48aaf0-2b84-11ec-b01d-0513ed66d05f","url":null,"identifier":null,"name":"Test RxNorm source rule","title":"Test RxNorm source rule","publisher":"Project Ronin","contact":"Hao ","description":"","immutable":false,"experimental":true,"purpose":"testing code coverage ","type":"intensional"}', NULL);
INSERT INTO value_sets.history VALUES (44, '2021-10-12 17:49:03.866692+00', 'value_sets', 'value_set_version', 'INSERT', NULL, '{"uuid":"9348ec30-2b84-11ec-b8ef-596c3b427f0f","effective_start":"2021-10-12","effective_end":"2022-10-12","version":"test","value_set_uuid":"8d48aaf0-2b84-11ec-b01d-0513ed66d05f","status":"Draft","description":"test"}', NULL);
INSERT INTO value_sets.history VALUES (45, '2021-10-12 17:56:48.381589+00', 'value_sets', 'value_set_rule', 'INSERT', NULL, '{"uuid":"300189ca-cd45-477f-9f80-827b6bd19835","position":1,"description":"RxNorm rule to specify source NDDF","property":"SAB","operator":"=","value":"NDDF","include":true,"value_set_version":"9348ec30-2b84-11ec-b8ef-596c3b427f0f","terminology_version":"85d038ea-2857-11ec-9621-0242ac130002"}', NULL);
INSERT INTO value_sets.history VALUES (46, '2021-10-12 18:02:58.412449+00', 'value_sets', 'value_set_rule', 'INSERT', NULL, '{"uuid":"304494db-23d2-4f40-bd89-e53dda98b392","position":2,"description":"RxNorm rule to specify relationship","property":"RB","operator":"=","value":"CUI: 3639","include":true,"value_set_version":"9348ec30-2b84-11ec-b8ef-596c3b427f0f","terminology_version":"85d038ea-2857-11ec-9621-0242ac130002"}', NULL);
INSERT INTO value_sets.history VALUES (47, '2021-10-12 18:09:51.050855+00', 'value_sets', 'value_set_rule', 'UPDATE', NULL, '{"uuid":"20356954-2859-11ec-9621-0242ac130002","position":1,"description":"RxNorm rule to specify relationship type ","property":"part_of","operator":"=","value":"CUI:161","include":true,"value_set_version":"64c5d2c2-2857-11ec-9621-0242ac130002","terminology_version":"85d038ea-2857-11ec-9621-0242ac130002"}', '{"uuid":"20356954-2859-11ec-9621-0242ac130002","position":1,"description":"RxNorm rule to specify term type SCD","property":"part_of","operator":"=","value":"CUI:161","include":true,"value_set_version":"64c5d2c2-2857-11ec-9621-0242ac130002","terminology_version":"85d038ea-2857-11ec-9621-0242ac130002"}');
INSERT INTO value_sets.history VALUES (48, '2021-10-12 18:09:51.050855+00', 'value_sets', 'value_set_rule', 'INSERT', NULL, '{"uuid":"2d6e43bb-4753-41c5-a6a5-c3d6161b444c","position":3,"description":"RxNorm rule to specify term type","property":"TTY","operator":"=","value":"SCD","include":true,"value_set_version":"9348ec30-2b84-11ec-b8ef-596c3b427f0f","terminology_version":"85d038ea-2857-11ec-9621-0242ac130002"}', NULL);
INSERT INTO value_sets.history VALUES (49, '2021-10-12 20:50:35.763183+00', 'value_sets', 'value_set_version', 'INSERT', NULL, '{"uuid":"ff23f850-2b9d-11ec-82f9-07cc672f6488","effective_start":"2021-01-01","effective_end":"2021-12-31","version":"1.0","value_set_uuid":"d4b1f7c0-2ad0-11ec-b0da-99460ec1b519","status":"Draft","description":"initial version"}', NULL);
INSERT INTO value_sets.history VALUES (50, '2021-10-12 22:07:57.001804+00', 'value_sets', 'value_set', 'UPDATE', NULL, '{"uuid":"8d48aaf0-2b84-11ec-b01d-0513ed66d05f","url":null,"identifier":null,"name":"Test RxNorm source rule","title":"Test RxNorm source rule","publisher":"Project Ronin","contact":"Hao ","description":"a test","immutable":false,"experimental":true,"purpose":"testing code coverage ","type":"intensional"}', '{"uuid":"8d48aaf0-2b84-11ec-b01d-0513ed66d05f","url":null,"identifier":null,"name":"Test RxNorm source rule","title":"Test RxNorm source rule","publisher":"Project Ronin","contact":"Hao ","description":"","immutable":false,"experimental":true,"purpose":"testing code coverage ","type":"intensional"}');
INSERT INTO value_sets.history VALUES (51, '2021-10-12 22:38:17.872639+00', 'value_sets', 'value_set_version', 'UPDATE', NULL, '{"uuid":"9348ec30-2b84-11ec-b8ef-596c3b427f0f","effective_start":"2021-10-12","effective_end":"2022-10-12","version":"test","value_set_uuid":"8d48aaf0-2b84-11ec-b01d-0513ed66d05f","status":"Draft","description":"hao test"}', '{"uuid":"9348ec30-2b84-11ec-b8ef-596c3b427f0f","effective_start":"2021-10-12","effective_end":"2022-10-12","version":"test","value_set_uuid":"8d48aaf0-2b84-11ec-b01d-0513ed66d05f","status":"Draft","description":"test"}');
INSERT INTO value_sets.history VALUES (53, '2021-10-12 23:09:13.603107+00', 'value_sets', 'value_set_rule', 'INSERT', NULL, '{"uuid":"6a0ac820-2bb1-11ec-a5e2-a5f73bd175e4","position":null,"description":"Fracture regex rule","property":"display","operator":"regex","value":"fracture","include":true,"value_set_version":"ff23f850-2b9d-11ec-82f9-07cc672f6488","terminology_version":"0191c3e4-215b-11ec-9621-0242ac130002"}', NULL);
INSERT INTO value_sets.history VALUES (54, '2021-10-12 23:09:23.446916+00', 'value_sets', 'value_set_rule', 'INSERT', NULL, '{"uuid":"6ff6e520-2bb1-11ec-a5e2-a5f73bd175e4","position":null,"description":"Fracture regex rule","property":"display","operator":"regex","value":"fracture","include":true,"value_set_version":"ff23f850-2b9d-11ec-82f9-07cc672f6488","terminology_version":"3b07a086-2227-11ec-9621-0242ac130002"}', NULL);
INSERT INTO value_sets.history VALUES (55, '2021-10-12 23:09:36.02499+00', 'value_sets', 'value_set_rule', 'DELETE', NULL, NULL, '{"uuid":"6a0ac820-2bb1-11ec-a5e2-a5f73bd175e4","position":null,"description":"Fracture regex rule","property":"display","operator":"regex","value":"fracture","include":true,"value_set_version":"ff23f850-2b9d-11ec-82f9-07cc672f6488","terminology_version":"0191c3e4-215b-11ec-9621-0242ac130002"}');
INSERT INTO value_sets.history VALUES (56, '2021-10-12 23:09:45.509367+00', 'value_sets', 'value_set_rule', 'DELETE', NULL, NULL, '{"uuid":"6ff6e520-2bb1-11ec-a5e2-a5f73bd175e4","position":null,"description":"Fracture regex rule","property":"display","operator":"regex","value":"fracture","include":true,"value_set_version":"ff23f850-2b9d-11ec-82f9-07cc672f6488","terminology_version":"3b07a086-2227-11ec-9621-0242ac130002"}');
INSERT INTO value_sets.history VALUES (57, '2021-10-12 23:16:10.710842+00', 'value_sets', 'value_set', 'UPDATE', NULL, '{"uuid":"8d48aaf0-2b84-11ec-b01d-0513ed66d05f","url":null,"identifier":null,"name":"Test RxNorm source rule","title":"Test RxNorm source rule","publisher":"Project Ronin","contact":"Hao Sun","description":"a test","immutable":false,"experimental":true,"purpose":"testing code coverage ","type":"intensional"}', '{"uuid":"8d48aaf0-2b84-11ec-b01d-0513ed66d05f","url":null,"identifier":null,"name":"Test RxNorm source rule","title":"Test RxNorm source rule","publisher":"Project Ronin","contact":"Hao ","description":"a test","immutable":false,"experimental":true,"purpose":"testing code coverage ","type":"intensional"}');
INSERT INTO value_sets.history VALUES (58, '2021-10-12 23:16:24.42961+00', 'value_sets', 'value_set', 'UPDATE', NULL, '{"uuid":"8d48aaf0-2b84-11ec-b01d-0513ed66d05f","url":null,"identifier":null,"name":"Test RxNorm source rule","title":"Test RxNorm source rule","publisher":"Project Ronin","contact":"Hao ","description":"a test","immutable":false,"experimental":true,"purpose":"testing code coverage ","type":"intensional"}', '{"uuid":"8d48aaf0-2b84-11ec-b01d-0513ed66d05f","url":null,"identifier":null,"name":"Test RxNorm source rule","title":"Test RxNorm source rule","publisher":"Project Ronin","contact":"Hao Sun","description":"a test","immutable":false,"experimental":true,"purpose":"testing code coverage ","type":"intensional"}');
INSERT INTO value_sets.history VALUES (59, '2021-10-29 20:53:50.365026+00', 'value_sets', 'value_set_rule', 'INSERT', NULL, '{"uuid":"51380cd0-38fa-11ec-99e8-597cf70635af","position":null,"description":"SNOMED","property":"code","operator":"direct-child","value":"code","include":true,"value_set_version":"7d7fe5f4-216f-4cb3-bba5-50378298bd96","terminology_version":"3b07a086-2227-11ec-9621-0242ac130002"}', NULL);
INSERT INTO value_sets.history VALUES (92, '2021-11-09 23:37:37.082257+00', 'value_sets', 'value_set_version', 'UPDATE', NULL, '{"uuid":"7d7fe5f4-216f-4cb3-bba5-50378298bd96","effective_start":"2020-01-01","effective_end":"2022-01-01","version":"1.0","value_set_uuid":"b1e42ad7-15f5-4680-8e87-2b178ea6b6d0","status":"Draft","description":"test version","created_date":"2021-11-09"}', '{"uuid":"7d7fe5f4-216f-4cb3-bba5-50378298bd96","effective_start":"2020-01-01","effective_end":"2022-01-01","version":"1.0","value_set_uuid":"b1e42ad7-15f5-4680-8e87-2b178ea6b6d0","status":"Draft","description":"test version","created_date":null}');
INSERT INTO value_sets.history VALUES (93, '2021-11-09 23:37:37.082257+00', 'value_sets', 'value_set_version', 'UPDATE', NULL, '{"uuid":"f38a3352-214c-11ec-9621-0242ac130002","effective_start":"2021-01-01","effective_end":"2021-12-31","version":"1.0","value_set_uuid":"24a78936-2142-11ec-9621-0242ac130002","status":"Draft","description":"initial version of test value set","created_date":"2021-11-09"}', '{"uuid":"f38a3352-214c-11ec-9621-0242ac130002","effective_start":"2021-01-01","effective_end":"2021-12-31","version":"1.0","value_set_uuid":"24a78936-2142-11ec-9621-0242ac130002","status":"Draft","description":"initial version of test value set","created_date":null}');
INSERT INTO value_sets.history VALUES (94, '2021-11-09 23:37:37.082257+00', 'value_sets', 'value_set_version', 'UPDATE', NULL, '{"uuid":"987ffe8a-27a8-11ec-9621-0242ac130002","effective_start":"2021-01-01","effective_end":"2021-12-31","version":"1.0","value_set_uuid":"328b1fc4-27a8-11ec-9621-0242ac130002","status":"Draft","description":"version 1","created_date":"2021-11-09"}', '{"uuid":"987ffe8a-27a8-11ec-9621-0242ac130002","effective_start":"2021-01-01","effective_end":"2021-12-31","version":"1.0","value_set_uuid":"328b1fc4-27a8-11ec-9621-0242ac130002","status":"Draft","description":"version 1","created_date":null}');
INSERT INTO value_sets.history VALUES (95, '2021-11-09 23:37:37.082257+00', 'value_sets', 'value_set_version', 'UPDATE', NULL, '{"uuid":"64c5d2c2-2857-11ec-9621-0242ac130002","effective_start":"2021-01-01","effective_end":"2021-12-31","version":"1.0","value_set_uuid":"245ec81a-2857-11ec-9621-0242ac130002","status":"Draft","description":"initial version","created_date":"2021-11-09"}', '{"uuid":"64c5d2c2-2857-11ec-9621-0242ac130002","effective_start":"2021-01-01","effective_end":"2021-12-31","version":"1.0","value_set_uuid":"245ec81a-2857-11ec-9621-0242ac130002","status":"Draft","description":"initial version","created_date":null}');
INSERT INTO value_sets.history VALUES (96, '2021-11-09 23:37:37.082257+00', 'value_sets', 'value_set_version', 'UPDATE', NULL, '{"uuid":"153f18a0-2ad5-11ec-a4fa-61fa59153af6","effective_start":"2021-01-01","effective_end":"2021-12-31","version":"1.1","value_set_uuid":"24a78936-2142-11ec-9621-0242ac130002","status":"Draft","description":"new version","created_date":"2021-11-09"}', '{"uuid":"153f18a0-2ad5-11ec-a4fa-61fa59153af6","effective_start":"2021-01-01","effective_end":"2021-12-31","version":"1.1","value_set_uuid":"24a78936-2142-11ec-9621-0242ac130002","status":"Draft","description":"new version","created_date":null}');
INSERT INTO value_sets.history VALUES (97, '2021-11-09 23:37:37.082257+00', 'value_sets', 'value_set_version', 'UPDATE', NULL, '{"uuid":"ff23f850-2b9d-11ec-82f9-07cc672f6488","effective_start":"2021-01-01","effective_end":"2021-12-31","version":"1.0","value_set_uuid":"d4b1f7c0-2ad0-11ec-b0da-99460ec1b519","status":"Draft","description":"initial version","created_date":"2021-11-09"}', '{"uuid":"ff23f850-2b9d-11ec-82f9-07cc672f6488","effective_start":"2021-01-01","effective_end":"2021-12-31","version":"1.0","value_set_uuid":"d4b1f7c0-2ad0-11ec-b0da-99460ec1b519","status":"Draft","description":"initial version","created_date":null}');
INSERT INTO value_sets.history VALUES (98, '2021-11-09 23:37:37.082257+00', 'value_sets', 'value_set_version', 'UPDATE', NULL, '{"uuid":"9348ec30-2b84-11ec-b8ef-596c3b427f0f","effective_start":"2021-10-12","effective_end":"2022-10-12","version":"test","value_set_uuid":"8d48aaf0-2b84-11ec-b01d-0513ed66d05f","status":"Draft","description":"hao test","created_date":"2021-11-09"}', '{"uuid":"9348ec30-2b84-11ec-b8ef-596c3b427f0f","effective_start":"2021-10-12","effective_end":"2022-10-12","version":"test","value_set_uuid":"8d48aaf0-2b84-11ec-b01d-0513ed66d05f","status":"Draft","description":"hao test","created_date":null}');
INSERT INTO value_sets.history VALUES (99, '2021-11-10 16:15:35.174017+00', 'value_sets', 'value_set_version', 'INSERT', NULL, '{"uuid":"529ef7a0-4241-11ec-bec2-fbf6ebf76a60","effective_start":"2022-01-01","effective_end":"2022-12-31","version":"2.5","value_set_uuid":"24a78936-2142-11ec-9621-0242ac130002","status":"Draft","description":"New version","created_date":"2021-11-10"}', NULL);
INSERT INTO value_sets.history VALUES (151, '2021-12-03 19:49:55.786484+00', 'value_sets', 'expansion_member', 'INSERT', NULL, '{"expansion_uuid":"2f0460d0-5472-11ec-bd52-acde48001122","code":"1008295","display":"acetaminophen / clemastine / pseudoephedrine","system":"http://www.nlm.nih.gov/research/umls/rxnorm","version":"2021"}', NULL);
INSERT INTO value_sets.history VALUES (100, '2021-11-12 18:45:55.25776+00', 'value_sets', 'value_set_version', 'UPDATE', NULL, '{"uuid":"529ef7a0-4241-11ec-bec2-fbf6ebf76a60","effective_start":"2022-01-01","effective_end":"2022-12-31","value_set_uuid":"24a78936-2142-11ec-9621-0242ac130002","status":"Draft","description":"New version","created_date":"2021-11-10","version":3}', '{"uuid":"529ef7a0-4241-11ec-bec2-fbf6ebf76a60","effective_start":"2022-01-01","effective_end":"2022-12-31","value_set_uuid":"24a78936-2142-11ec-9621-0242ac130002","status":"Draft","description":"New version","created_date":"2021-11-10","version":null}');
INSERT INTO value_sets.history VALUES (101, '2021-11-12 18:45:55.25776+00', 'value_sets', 'value_set_version', 'UPDATE', NULL, '{"uuid":"f38a3352-214c-11ec-9621-0242ac130002","effective_start":"2021-01-01","effective_end":"2021-12-31","value_set_uuid":"24a78936-2142-11ec-9621-0242ac130002","status":"Draft","description":"initial version of test value set","created_date":"2021-11-09","version":2}', '{"uuid":"f38a3352-214c-11ec-9621-0242ac130002","effective_start":"2021-01-01","effective_end":"2021-12-31","value_set_uuid":"24a78936-2142-11ec-9621-0242ac130002","status":"Draft","description":"initial version of test value set","created_date":"2021-11-09","version":null}');
INSERT INTO value_sets.history VALUES (102, '2021-11-12 18:45:55.25776+00', 'value_sets', 'value_set_version', 'UPDATE', NULL, '{"uuid":"153f18a0-2ad5-11ec-a4fa-61fa59153af6","effective_start":"2021-01-01","effective_end":"2021-12-31","value_set_uuid":"24a78936-2142-11ec-9621-0242ac130002","status":"Draft","description":"new version","created_date":"2021-11-09","version":1}', '{"uuid":"153f18a0-2ad5-11ec-a4fa-61fa59153af6","effective_start":"2021-01-01","effective_end":"2021-12-31","value_set_uuid":"24a78936-2142-11ec-9621-0242ac130002","status":"Draft","description":"new version","created_date":"2021-11-09","version":null}');
INSERT INTO value_sets.history VALUES (103, '2021-11-17 22:23:49.173123+00', 'value_sets', 'value_set', 'UPDATE', NULL, '{"uuid":"24a78936-2142-11ec-9621-0242ac130002","identifier":"test-breast-cancer","name":"test-breast-cancer","title":"Test Elixahuser Vascular Conditions","publisher":"Project Ronin","contact":"Rey","description":"Test intensional value set for ICD-10 CM","immutable":false,"experimental":true,"purpose":"testing","type":"intensional"}', '{"uuid":"24a78936-2142-11ec-9621-0242ac130002","identifier":"test-breast-cancer","name":"Test Breast Cancer","title":"Test Elixahuser Vascular Conditions","publisher":"Project Ronin","contact":"Rey","description":"Test intensional value set for ICD-10 CM","immutable":false,"experimental":true,"purpose":"testing","type":"intensional"}');
INSERT INTO value_sets.history VALUES (104, '2021-11-17 22:23:49.173123+00', 'value_sets', 'value_set', 'UPDATE', NULL, '{"uuid":"b1e42ad7-15f5-4680-8e87-2b178ea6b6d0","identifier":"vs-test","name":"vs-test","title":"vs-test","publisher":"Project Ronin","contact":"Rey","description":"a test","immutable":false,"experimental":true,"purpose":"testing","type":"intensional"}', '{"uuid":"b1e42ad7-15f5-4680-8e87-2b178ea6b6d0","identifier":"vs-test","name":"vs-test","title":"vs-test","publisher":"Project Ronin","contact":"Rey","description":"a test","immutable":false,"experimental":true,"purpose":"testing","type":"intensional"}');
INSERT INTO value_sets.history VALUES (105, '2021-11-17 22:23:49.173123+00', 'value_sets', 'value_set', 'UPDATE', NULL, '{"uuid":"328b1fc4-27a8-11ec-9621-0242ac130002","identifier":"extensional-test","name":"extensional-test","title":"Extensional Value Set Test","publisher":"Project Ronin","contact":"Rey","description":"Test that extensional value sets work","immutable":false,"experimental":true,"purpose":"testing","type":"extensional"}', '{"uuid":"328b1fc4-27a8-11ec-9621-0242ac130002","identifier":"extensional-test","name":"Extensional Value Set Test","title":"Extensional Value Set Test","publisher":"Project Ronin","contact":"Rey","description":"Test that extensional value sets work","immutable":false,"experimental":true,"purpose":"testing","type":"extensional"}');
INSERT INTO value_sets.history VALUES (106, '2021-11-17 22:23:49.173123+00', 'value_sets', 'value_set', 'UPDATE', NULL, '{"uuid":"245ec81a-2857-11ec-9621-0242ac130002","identifier":"rxnorm-test","name":"rxnorm-test","title":"RxNorm Test","publisher":"Project Ronin","contact":"Rey and Hao","description":"a test value set","immutable":false,"experimental":true,"purpose":"testing","type":"intensional"}', '{"uuid":"245ec81a-2857-11ec-9621-0242ac130002","identifier":"rxnorm-test","name":"RxNorm Test","title":"RxNorm Test","publisher":"Project Ronin","contact":"Rey and Hao","description":"a test value set","immutable":false,"experimental":true,"purpose":"testing","type":"intensional"}');
INSERT INTO value_sets.history VALUES (107, '2021-11-17 22:23:49.173123+00', 'value_sets', 'value_set', 'UPDATE', NULL, '{"uuid":"d4b1f7c0-2ad0-11ec-b0da-99460ec1b519","identifier":null,"name":null,"title":"Test arm fractures","publisher":"Project Ronin","contact":"Rey","description":"ICD-10 CM arm fracture codes","immutable":false,"experimental":true,"purpose":"testing","type":"intensional"}', '{"uuid":"d4b1f7c0-2ad0-11ec-b0da-99460ec1b519","identifier":null,"name":"Test arm fractures","title":"Test arm fractures","publisher":"Project Ronin","contact":"Rey","description":"ICD-10 CM arm fracture codes","immutable":false,"experimental":true,"purpose":"testing","type":"intensional"}');
INSERT INTO value_sets.history VALUES (108, '2021-11-17 22:23:49.173123+00', 'value_sets', 'value_set', 'UPDATE', NULL, '{"uuid":"8d48aaf0-2b84-11ec-b01d-0513ed66d05f","identifier":null,"name":null,"title":"Test RxNorm source rule","publisher":"Project Ronin","contact":"Hao ","description":"a test","immutable":false,"experimental":true,"purpose":"testing code coverage ","type":"intensional"}', '{"uuid":"8d48aaf0-2b84-11ec-b01d-0513ed66d05f","identifier":null,"name":"Test RxNorm source rule","title":"Test RxNorm source rule","publisher":"Project Ronin","contact":"Hao ","description":"a test","immutable":false,"experimental":true,"purpose":"testing code coverage ","type":"intensional"}');
INSERT INTO value_sets.history VALUES (109, '2021-11-17 22:24:22.048676+00', 'value_sets', 'value_set', 'UPDATE', NULL, '{"uuid":"8d48aaf0-2b84-11ec-b01d-0513ed66d05f","identifier":"test-rxnorm-source","name":null,"title":"Test RxNorm source rule","publisher":"Project Ronin","contact":"Hao ","description":"a test","immutable":false,"experimental":true,"purpose":"testing code coverage ","type":"intensional"}', '{"uuid":"8d48aaf0-2b84-11ec-b01d-0513ed66d05f","identifier":null,"name":null,"title":"Test RxNorm source rule","publisher":"Project Ronin","contact":"Hao ","description":"a test","immutable":false,"experimental":true,"purpose":"testing code coverage ","type":"intensional"}');
INSERT INTO value_sets.history VALUES (110, '2021-11-17 22:24:22.048676+00', 'value_sets', 'value_set', 'UPDATE', NULL, '{"uuid":"d4b1f7c0-2ad0-11ec-b0da-99460ec1b519","identifier":"test-arm-fracture","name":null,"title":"Test arm fractures","publisher":"Project Ronin","contact":"Rey","description":"ICD-10 CM arm fracture codes","immutable":false,"experimental":true,"purpose":"testing","type":"intensional"}', '{"uuid":"d4b1f7c0-2ad0-11ec-b0da-99460ec1b519","identifier":null,"name":null,"title":"Test arm fractures","publisher":"Project Ronin","contact":"Rey","description":"ICD-10 CM arm fracture codes","immutable":false,"experimental":true,"purpose":"testing","type":"intensional"}');
INSERT INTO value_sets.history VALUES (111, '2021-11-17 22:25:11.799617+00', 'value_sets', 'value_set', 'UPDATE', NULL, '{"uuid":"8d48aaf0-2b84-11ec-b01d-0513ed66d05f","name":"test-rxnorm-source","title":"Test RxNorm source rule","publisher":"Project Ronin","contact":"Hao ","description":"a test","immutable":false,"experimental":true,"purpose":"testing code coverage ","type":"intensional"}', '{"uuid":"8d48aaf0-2b84-11ec-b01d-0513ed66d05f","name":null,"title":"Test RxNorm source rule","publisher":"Project Ronin","contact":"Hao ","description":"a test","immutable":false,"experimental":true,"purpose":"testing code coverage ","type":"intensional"}');
INSERT INTO value_sets.history VALUES (152, '2021-12-03 19:49:56.005174+00', 'value_sets', 'expansion_member', 'INSERT', NULL, '{"expansion_uuid":"2f0460d0-5472-11ec-bd52-acde48001122","code":"2178938","display":"acetaminophen / ephedrine / guaifenesin","system":"http://www.nlm.nih.gov/research/umls/rxnorm","version":"2021"}', NULL);
INSERT INTO value_sets.history VALUES (112, '2021-11-17 22:25:11.799617+00', 'value_sets', 'value_set', 'UPDATE', NULL, '{"uuid":"d4b1f7c0-2ad0-11ec-b0da-99460ec1b519","name":"test-arm-fracture","title":"Test arm fractures","publisher":"Project Ronin","contact":"Rey","description":"ICD-10 CM arm fracture codes","immutable":false,"experimental":true,"purpose":"testing","type":"intensional"}', '{"uuid":"d4b1f7c0-2ad0-11ec-b0da-99460ec1b519","name":null,"title":"Test arm fractures","publisher":"Project Ronin","contact":"Rey","description":"ICD-10 CM arm fracture codes","immutable":false,"experimental":true,"purpose":"testing","type":"intensional"}');
INSERT INTO value_sets.history VALUES (113, '2021-11-17 22:26:31.16027+00', 'value_sets', 'value_set_version', 'UPDATE', NULL, '{"uuid":"64c5d2c2-2857-11ec-9621-0242ac130002","effective_start":"2021-01-01","effective_end":"2021-12-31","value_set_uuid":"245ec81a-2857-11ec-9621-0242ac130002","status":"Draft","description":"initial version","created_date":"2021-11-09","version":1}', '{"uuid":"64c5d2c2-2857-11ec-9621-0242ac130002","effective_start":"2021-01-01","effective_end":"2021-12-31","value_set_uuid":"245ec81a-2857-11ec-9621-0242ac130002","status":"Draft","description":"initial version","created_date":"2021-11-09","version":null}');
INSERT INTO value_sets.history VALUES (114, '2021-11-17 22:26:31.16027+00', 'value_sets', 'value_set_version', 'UPDATE', NULL, '{"uuid":"7d7fe5f4-216f-4cb3-bba5-50378298bd96","effective_start":"2020-01-01","effective_end":"2022-01-01","value_set_uuid":"b1e42ad7-15f5-4680-8e87-2b178ea6b6d0","status":"Draft","description":"test version","created_date":"2021-11-09","version":1}', '{"uuid":"7d7fe5f4-216f-4cb3-bba5-50378298bd96","effective_start":"2020-01-01","effective_end":"2022-01-01","value_set_uuid":"b1e42ad7-15f5-4680-8e87-2b178ea6b6d0","status":"Draft","description":"test version","created_date":"2021-11-09","version":null}');
INSERT INTO value_sets.history VALUES (115, '2021-11-17 22:26:31.16027+00', 'value_sets', 'value_set_version', 'UPDATE', NULL, '{"uuid":"9348ec30-2b84-11ec-b8ef-596c3b427f0f","effective_start":"2021-10-12","effective_end":"2022-10-12","value_set_uuid":"8d48aaf0-2b84-11ec-b01d-0513ed66d05f","status":"Draft","description":"hao test","created_date":"2021-11-09","version":1}', '{"uuid":"9348ec30-2b84-11ec-b8ef-596c3b427f0f","effective_start":"2021-10-12","effective_end":"2022-10-12","value_set_uuid":"8d48aaf0-2b84-11ec-b01d-0513ed66d05f","status":"Draft","description":"hao test","created_date":"2021-11-09","version":null}');
INSERT INTO value_sets.history VALUES (116, '2021-11-17 22:26:31.16027+00', 'value_sets', 'value_set_version', 'UPDATE', NULL, '{"uuid":"987ffe8a-27a8-11ec-9621-0242ac130002","effective_start":"2021-01-01","effective_end":"2021-12-31","value_set_uuid":"328b1fc4-27a8-11ec-9621-0242ac130002","status":"Draft","description":"version 1","created_date":"2021-11-09","version":1}', '{"uuid":"987ffe8a-27a8-11ec-9621-0242ac130002","effective_start":"2021-01-01","effective_end":"2021-12-31","value_set_uuid":"328b1fc4-27a8-11ec-9621-0242ac130002","status":"Draft","description":"version 1","created_date":"2021-11-09","version":null}');
INSERT INTO value_sets.history VALUES (117, '2021-11-17 22:26:31.16027+00', 'value_sets', 'value_set_version', 'UPDATE', NULL, '{"uuid":"ff23f850-2b9d-11ec-82f9-07cc672f6488","effective_start":"2021-01-01","effective_end":"2021-12-31","value_set_uuid":"d4b1f7c0-2ad0-11ec-b0da-99460ec1b519","status":"Draft","description":"initial version","created_date":"2021-11-09","version":1}', '{"uuid":"ff23f850-2b9d-11ec-82f9-07cc672f6488","effective_start":"2021-01-01","effective_end":"2021-12-31","value_set_uuid":"d4b1f7c0-2ad0-11ec-b0da-99460ec1b519","status":"Draft","description":"initial version","created_date":"2021-11-09","version":null}');
INSERT INTO value_sets.history VALUES (118, '2021-11-23 01:19:19.45658+00', 'value_sets', 'value_set_version', 'UPDATE', NULL, '{"uuid":"f38a3352-214c-11ec-9621-0242ac130002","effective_start":"2021-01-01","effective_end":"2021-12-31","value_set_uuid":"24a78936-2142-11ec-9621-0242ac130002","status":"Active","description":"initial version of test value set","created_date":"2021-11-09","version":2}', '{"uuid":"f38a3352-214c-11ec-9621-0242ac130002","effective_start":"2021-01-01","effective_end":"2021-12-31","value_set_uuid":"24a78936-2142-11ec-9621-0242ac130002","status":"Draft","description":"initial version of test value set","created_date":"2021-11-09","version":2}');
INSERT INTO value_sets.history VALUES (119, '2021-11-23 18:55:10.727738+00', 'value_sets', 'value_set', 'INSERT', NULL, '{"uuid":"e1ba9050-4c8e-11ec-99d0-6d735801ea9a","name":"bladder-cancer-combined","title":"bladder-cancer-combined","publisher":"Project Ronin","contact":"Stephen","description":"SNOMED codes for bladder cancer","immutable":false,"experimental":true,"purpose":"test if the ECL server works","type":"intensional"}', NULL);
INSERT INTO value_sets.history VALUES (120, '2021-11-23 18:56:25.08832+00', 'value_sets', 'value_set_version', 'INSERT', NULL, '{"uuid":"e6445e30-4c8e-11ec-9b89-3d7148967d21","effective_start":"2021-01-01","effective_end":"2021-12-31","value_set_uuid":"e1ba9050-4c8e-11ec-99d0-6d735801ea9a","status":"Draft","description":"initial version","created_date":"2021-11-23","version":1}', NULL);
INSERT INTO value_sets.history VALUES (121, '2021-11-23 18:58:50.824475+00', 'value_sets', 'value_set_rule', 'INSERT', NULL, '{"uuid":"6519d9b0-4c8f-11ec-9e27-711bbf081e00","position":null,"description":"SNOMED bladder cancer codes","property":"ecl","operator":"=","value":"<< 399326009 |Malignant tumor of urinary bladder (disorder)| MINUS << 128462008 |Secondary malignant neoplastic disease (disorder)|","include":true,"value_set_version":"e6445e30-4c8e-11ec-9b89-3d7148967d21","terminology_version":"3b07a086-2227-11ec-9621-0242ac130002"}', NULL);
INSERT INTO value_sets.history VALUES (122, '2021-12-01 21:19:08.212593+00', 'value_sets', 'value_set', 'INSERT', NULL, '{"uuid":"51801230-52ec-11ec-89f4-eb5726153df6","name":"Kidney Cancer Combined","title":"Kidney Cancer Combined","publisher":"Project Ronin","contact":"Stephen Weaver","description":"This valueset contains the diagnosis codes for kidney cancer and diseases that are clinically treated as kidney cancer. It contains both ICD-10 and SNOMED.","immutable":false,"experimental":false,"purpose":"This valueset is multipurpose and is used in the ED Risk model, BI patient categorization and to identify patients for implementation purposes.","type":"intensional"}', NULL);
INSERT INTO value_sets.history VALUES (123, '2021-12-01 21:20:25.229542+00', 'value_sets', 'value_set_version', 'INSERT', NULL, '{"uuid":"6c2e5ce0-52ec-11ec-b9db-4b5741b59f6a","effective_start":"2021-12-01","effective_end":null,"value_set_uuid":"51801230-52ec-11ec-89f4-eb5726153df6","status":"Draft","description":"First version of valueset","created_date":"2021-12-01","version":1}', NULL);
INSERT INTO value_sets.history VALUES (124, '2021-12-01 21:24:21.546235+00', 'value_sets', 'value_set_rule', 'INSERT', NULL, '{"uuid":"0c455580-52ed-11ec-80d5-f7c3aabec26a","position":null,"description":"Include Kidney Cancer Codes","property":"code","operator":"descendant-of","value":"C64","include":true,"value_set_version":"6c2e5ce0-52ec-11ec-b9db-4b5741b59f6a","terminology_version":"0191c3e4-215b-11ec-9621-0242ac130002"}', NULL);
INSERT INTO value_sets.history VALUES (125, '2021-12-01 21:24:45.499795+00', 'value_sets', 'value_set_rule', 'INSERT', NULL, '{"uuid":"1a8e1a50-52ed-11ec-80d5-f7c3aabec26a","position":null,"description":"Include Kidney Cancer Codes","property":"code","operator":"descendant-of","value":"C64","include":true,"value_set_version":"6c2e5ce0-52ec-11ec-b9db-4b5741b59f6a","terminology_version":"0191c3e4-215b-11ec-9621-0242ac130002"}', NULL);
INSERT INTO value_sets.history VALUES (126, '2021-12-01 21:24:49.702983+00', 'value_sets', 'value_set_rule', 'DELETE', NULL, NULL, '{"uuid":"1a8e1a50-52ed-11ec-80d5-f7c3aabec26a","position":null,"description":"Include Kidney Cancer Codes","property":"code","operator":"descendant-of","value":"C64","include":true,"value_set_version":"6c2e5ce0-52ec-11ec-b9db-4b5741b59f6a","terminology_version":"0191c3e4-215b-11ec-9621-0242ac130002"}');
INSERT INTO value_sets.history VALUES (127, '2021-12-01 21:26:41.626791+00', 'value_sets', 'value_set_rule', 'INSERT', NULL, '{"uuid":"5fc11960-52ed-11ec-80d5-f7c3aabec26a","position":null,"description":"Include Children of this Code","property":"code","operator":"descendant-of","value":"363518003","include":true,"value_set_version":"6c2e5ce0-52ec-11ec-b9db-4b5741b59f6a","terminology_version":"3b07a086-2227-11ec-9621-0242ac130002"}', NULL);
INSERT INTO value_sets.history VALUES (128, '2021-12-01 21:26:55.564534+00', 'value_sets', 'value_set_rule', 'INSERT', NULL, '{"uuid":"6816bc50-52ed-11ec-80d5-f7c3aabec26a","position":null,"description":"Include Children of this Code","property":"ecl","operator":"descendant-of","value":"363518003","include":true,"value_set_version":"6c2e5ce0-52ec-11ec-b9db-4b5741b59f6a","terminology_version":"3b07a086-2227-11ec-9621-0242ac130002"}', NULL);
INSERT INTO value_sets.history VALUES (129, '2021-12-01 21:26:59.923939+00', 'value_sets', 'value_set_rule', 'DELETE', NULL, NULL, '{"uuid":"5fc11960-52ed-11ec-80d5-f7c3aabec26a","position":null,"description":"Include Children of this Code","property":"code","operator":"descendant-of","value":"363518003","include":true,"value_set_version":"6c2e5ce0-52ec-11ec-b9db-4b5741b59f6a","terminology_version":"3b07a086-2227-11ec-9621-0242ac130002"}');
INSERT INTO value_sets.history VALUES (130, '2021-12-01 21:28:35.503741+00', 'value_sets', 'value_set_rule', 'INSERT', NULL, '{"uuid":"a3a48e00-52ed-11ec-80d5-f7c3aabec26a","position":null,"description":"Exclude Children of this Code","property":"ecl","operator":"descendant-of","value":"363518003","include":false,"value_set_version":"6c2e5ce0-52ec-11ec-b9db-4b5741b59f6a","terminology_version":"3b07a086-2227-11ec-9621-0242ac130002"}', NULL);
INSERT INTO value_sets.history VALUES (131, '2021-12-01 21:32:14.678333+00', 'value_sets', 'value_set_rule', 'INSERT', NULL, '{"uuid":"26462cb0-52ee-11ec-80d5-f7c3aabec26a","position":null,"description":"Exclude Sarcoma of Kidney","property":"ecl","operator":"=","value":"254918001","include":false,"value_set_version":"6c2e5ce0-52ec-11ec-b9db-4b5741b59f6a","terminology_version":"3b07a086-2227-11ec-9621-0242ac130002"}', NULL);
INSERT INTO value_sets.history VALUES (132, '2021-12-01 21:34:17.117719+00', 'value_sets', 'value_set_rule', 'INSERT', NULL, '{"uuid":"6f4eebe0-52ee-11ec-80d5-f7c3aabec26a","position":null,"description":"Exclude Secondary Kidney Cancer Codes","property":"ecl","operator":"descendant-of","value":" 363518003","include":false,"value_set_version":"6c2e5ce0-52ec-11ec-b9db-4b5741b59f6a","terminology_version":"3b07a086-2227-11ec-9621-0242ac130002"}', NULL);
INSERT INTO value_sets.history VALUES (133, '2021-12-01 21:34:50.712014+00', 'value_sets', 'value_set_rule', 'INSERT', NULL, '{"uuid":"834b7fa0-52ee-11ec-80d5-f7c3aabec26a","position":null,"description":"Exclude Secondary Kidney Cancer Codes","property":"ecl","operator":"descendant-of","value":"94360002","include":false,"value_set_version":"6c2e5ce0-52ec-11ec-b9db-4b5741b59f6a","terminology_version":"3b07a086-2227-11ec-9621-0242ac130002"}', NULL);
INSERT INTO value_sets.history VALUES (134, '2021-12-01 21:35:00.446573+00', 'value_sets', 'value_set_rule', 'DELETE', NULL, NULL, '{"uuid":"6f4eebe0-52ee-11ec-80d5-f7c3aabec26a","position":null,"description":"Exclude Secondary Kidney Cancer Codes","property":"ecl","operator":"descendant-of","value":" 363518003","include":false,"value_set_version":"6c2e5ce0-52ec-11ec-b9db-4b5741b59f6a","terminology_version":"3b07a086-2227-11ec-9621-0242ac130002"}');
INSERT INTO value_sets.history VALUES (135, '2021-12-01 21:35:04.915445+00', 'value_sets', 'value_set_rule', 'DELETE', NULL, NULL, '{"uuid":"a3a48e00-52ed-11ec-80d5-f7c3aabec26a","position":null,"description":"Exclude Children of this Code","property":"ecl","operator":"descendant-of","value":"363518003","include":false,"value_set_version":"6c2e5ce0-52ec-11ec-b9db-4b5741b59f6a","terminology_version":"3b07a086-2227-11ec-9621-0242ac130002"}');
INSERT INTO value_sets.history VALUES (136, '2021-12-01 21:35:48.416183+00', 'value_sets', 'value_set_rule', 'INSERT', NULL, '{"uuid":"a5a8f410-52ee-11ec-80d5-f7c3aabec26a","position":null,"description":"Include children of Malignant Tumor of the Kidney Cancer","property":"ecl","operator":"descendant-of","value":"363518003","include":false,"value_set_version":"6c2e5ce0-52ec-11ec-b9db-4b5741b59f6a","terminology_version":"3b07a086-2227-11ec-9621-0242ac130002"}', NULL);
INSERT INTO value_sets.history VALUES (137, '2021-12-01 21:35:58.96323+00', 'value_sets', 'value_set_rule', 'INSERT', NULL, '{"uuid":"abfad7c0-52ee-11ec-80d5-f7c3aabec26a","position":null,"description":"Include children of Malignant Tumor of the Kidney Cancer","property":"ecl","operator":"descendant-of","value":"363518003","include":true,"value_set_version":"6c2e5ce0-52ec-11ec-b9db-4b5741b59f6a","terminology_version":"3b07a086-2227-11ec-9621-0242ac130002"}', NULL);
INSERT INTO value_sets.history VALUES (138, '2021-12-01 21:36:13.666634+00', 'value_sets', 'value_set_rule', 'DELETE', NULL, NULL, '{"uuid":"a5a8f410-52ee-11ec-80d5-f7c3aabec26a","position":null,"description":"Include children of Malignant Tumor of the Kidney Cancer","property":"ecl","operator":"descendant-of","value":"363518003","include":false,"value_set_version":"6c2e5ce0-52ec-11ec-b9db-4b5741b59f6a","terminology_version":"3b07a086-2227-11ec-9621-0242ac130002"}');
INSERT INTO value_sets.history VALUES (139, '2021-12-01 21:36:16.572883+00', 'value_sets', 'value_set_rule', 'DELETE', NULL, NULL, '{"uuid":"6816bc50-52ed-11ec-80d5-f7c3aabec26a","position":null,"description":"Include Children of this Code","property":"ecl","operator":"descendant-of","value":"363518003","include":true,"value_set_version":"6c2e5ce0-52ec-11ec-b9db-4b5741b59f6a","terminology_version":"3b07a086-2227-11ec-9621-0242ac130002"}');
INSERT INTO value_sets.history VALUES (140, '2021-12-03 19:49:49.801972+00', 'value_sets', 'expansion', 'INSERT', NULL, '{"uuid":"2f0460d0-5472-11ec-bd52-acde48001122","vs_version_uuid":"64c5d2c2-2857-11ec-9621-0242ac130002","timestamp":"19:49:49.801972+00"}', NULL);
INSERT INTO value_sets.history VALUES (141, '2021-12-03 19:49:53.598955+00', 'value_sets', 'expansion_member', 'INSERT', NULL, '{"expansion_uuid":"2f0460d0-5472-11ec-bd52-acde48001122","code":"214178","display":"acetaminophen / butalbital","system":"http://www.nlm.nih.gov/research/umls/rxnorm","version":"2021"}', NULL);
INSERT INTO value_sets.history VALUES (142, '2021-12-03 19:49:53.848931+00', 'value_sets', 'expansion_member', 'INSERT', NULL, '{"expansion_uuid":"2f0460d0-5472-11ec-bd52-acde48001122","code":"820463","display":"acetaminophen / melatonin","system":"http://www.nlm.nih.gov/research/umls/rxnorm","version":"2021"}', NULL);
INSERT INTO value_sets.history VALUES (143, '2021-12-03 19:49:54.067688+00', 'value_sets', 'expansion_member', 'INSERT', NULL, '{"expansion_uuid":"2f0460d0-5472-11ec-bd52-acde48001122","code":"1008252","display":"acetaminophen / dextromethorphan / diphenhydrAMINE","system":"http://www.nlm.nih.gov/research/umls/rxnorm","version":"2021"}', NULL);
INSERT INTO value_sets.history VALUES (144, '2021-12-03 19:49:54.286457+00', 'value_sets', 'expansion_member', 'INSERT', NULL, '{"expansion_uuid":"2f0460d0-5472-11ec-bd52-acde48001122","code":"2173666","display":"acetaminophen / dextromethorphan / triprolidine","system":"http://www.nlm.nih.gov/research/umls/rxnorm","version":"2021"}', NULL);
INSERT INTO value_sets.history VALUES (145, '2021-12-03 19:49:54.505192+00', 'value_sets', 'expansion_member', 'INSERT', NULL, '{"expansion_uuid":"2f0460d0-5472-11ec-bd52-acde48001122","code":"214179","display":"acetaminophen / chlorpheniramine","system":"http://www.nlm.nih.gov/research/umls/rxnorm","version":"2021"}', NULL);
INSERT INTO value_sets.history VALUES (146, '2021-12-03 19:49:54.723894+00', 'value_sets', 'expansion_member', 'INSERT', NULL, '{"expansion_uuid":"2f0460d0-5472-11ec-bd52-acde48001122","code":"820541","display":"acetaminophen / butabarbital","system":"http://www.nlm.nih.gov/research/umls/rxnorm","version":"2021"}', NULL);
INSERT INTO value_sets.history VALUES (147, '2021-12-03 19:49:54.942722+00', 'value_sets', 'expansion_member', 'INSERT', NULL, '{"expansion_uuid":"2f0460d0-5472-11ec-bd52-acde48001122","code":"1008262","display":"acetaminophen / doxylamine / salicylamide","system":"http://www.nlm.nih.gov/research/umls/rxnorm","version":"2021"}', NULL);
INSERT INTO value_sets.history VALUES (148, '2021-12-03 19:49:55.145825+00', 'value_sets', 'expansion_member', 'INSERT', NULL, '{"expansion_uuid":"2f0460d0-5472-11ec-bd52-acde48001122","code":"2178933","display":"acetaminophen / chlorpheniramine / ePHEDrine / guaiFENesin","system":"http://www.nlm.nih.gov/research/umls/rxnorm","version":"2021"}', NULL);
INSERT INTO value_sets.history VALUES (149, '2021-12-03 19:49:55.364533+00', 'value_sets', 'expansion_member', 'INSERT', NULL, '{"expansion_uuid":"2f0460d0-5472-11ec-bd52-acde48001122","code":"214180","display":"acetaminophen / dextromethorphan","system":"http://www.nlm.nih.gov/research/umls/rxnorm","version":"2021"}', NULL);
INSERT INTO value_sets.history VALUES (150, '2021-12-03 19:49:55.583357+00', 'value_sets', 'expansion_member', 'INSERT', NULL, '{"expansion_uuid":"2f0460d0-5472-11ec-bd52-acde48001122","code":"820701","display":"acetaminophen / aspirin / salicylamide","system":"http://www.nlm.nih.gov/research/umls/rxnorm","version":"2021"}', NULL);
INSERT INTO value_sets.history VALUES (154, '2021-12-03 19:49:56.442741+00', 'value_sets', 'expansion_member', 'INSERT', NULL, '{"expansion_uuid":"2f0460d0-5472-11ec-bd52-acde48001122","code":"820749","display":"acetaminophen / dipyrone","system":"http://www.nlm.nih.gov/research/umls/rxnorm","version":"2021"}', NULL);
INSERT INTO value_sets.history VALUES (155, '2021-12-03 19:49:56.661493+00', 'value_sets', 'expansion_member', 'INSERT', NULL, '{"expansion_uuid":"2f0460d0-5472-11ec-bd52-acde48001122","code":"1008298","display":"acetaminophen / caffeine / chlorpheniramine / hydrocodone / phenylephrine","system":"http://www.nlm.nih.gov/research/umls/rxnorm","version":"2021"}', NULL);
INSERT INTO value_sets.history VALUES (156, '2021-12-03 19:49:56.880246+00', 'value_sets', 'expansion_member', 'INSERT', NULL, '{"expansion_uuid":"2f0460d0-5472-11ec-bd52-acde48001122","code":"2178938","display":"acetaminophen / ePHEDrine / guaiFENesin","system":"http://www.nlm.nih.gov/research/umls/rxnorm","version":"2021"}', NULL);
INSERT INTO value_sets.history VALUES (157, '2021-12-03 19:49:57.083313+00', 'value_sets', 'expansion_member', 'INSERT', NULL, '{"expansion_uuid":"2f0460d0-5472-11ec-bd52-acde48001122","code":"214181","display":"acetaminophen / diphenhydrAMINE","system":"http://www.nlm.nih.gov/research/umls/rxnorm","version":"2021"}', NULL);
INSERT INTO value_sets.history VALUES (158, '2021-12-03 19:49:57.302135+00', 'value_sets', 'expansion_member', 'INSERT', NULL, '{"expansion_uuid":"2f0460d0-5472-11ec-bd52-acde48001122","code":"820923","display":"acetaminophen / ambroxol / oxatomide","system":"http://www.nlm.nih.gov/research/umls/rxnorm","version":"2021"}', NULL);
INSERT INTO value_sets.history VALUES (159, '2021-12-03 19:49:57.520885+00', 'value_sets', 'expansion_member', 'INSERT', NULL, '{"expansion_uuid":"2f0460d0-5472-11ec-bd52-acde48001122","code":"1008298","display":"acetaminophen / caffeine / chlorpheniramine / HYDROcodone / phenylephrine","system":"http://www.nlm.nih.gov/research/umls/rxnorm","version":"2021"}', NULL);
INSERT INTO value_sets.history VALUES (160, '2021-12-03 19:49:57.739637+00', 'value_sets', 'expansion_member', 'INSERT', NULL, '{"expansion_uuid":"2f0460d0-5472-11ec-bd52-acde48001122","code":"214182","display":"acetaminophen / HYDROcodone","system":"http://www.nlm.nih.gov/research/umls/rxnorm","version":"2021"}', NULL);
INSERT INTO value_sets.history VALUES (161, '2021-12-03 19:49:57.958331+00', 'value_sets', 'expansion_member', 'INSERT', NULL, '{"expansion_uuid":"2f0460d0-5472-11ec-bd52-acde48001122","code":"823128","display":"acetaminophen / styramate","system":"http://www.nlm.nih.gov/research/umls/rxnorm","version":"2021"}', NULL);
INSERT INTO value_sets.history VALUES (162, '2021-12-03 19:49:58.161521+00', 'value_sets', 'expansion_member', 'INSERT', NULL, '{"expansion_uuid":"2f0460d0-5472-11ec-bd52-acde48001122","code":"1008644","display":"acetaminophen / atropine / chlorpheniramine / phenylephrine","system":"http://www.nlm.nih.gov/research/umls/rxnorm","version":"2021"}', NULL);
INSERT INTO value_sets.history VALUES (163, '2021-12-03 19:49:58.380211+00', 'value_sets', 'expansion_member', 'INSERT', NULL, '{"expansion_uuid":"2f0460d0-5472-11ec-bd52-acde48001122","code":"214183","display":"acetaminophen / oxycodone","system":"http://www.nlm.nih.gov/research/umls/rxnorm","version":"2021"}', NULL);
INSERT INTO value_sets.history VALUES (164, '2021-12-03 19:49:58.5834+00', 'value_sets', 'expansion_member', 'INSERT', NULL, '{"expansion_uuid":"2f0460d0-5472-11ec-bd52-acde48001122","code":"817466","display":"acetaminophen / thiocolchicoside","system":"http://www.nlm.nih.gov/research/umls/rxnorm","version":"2021"}', NULL);
INSERT INTO value_sets.history VALUES (165, '2021-12-03 19:49:58.817716+00', 'value_sets', 'expansion_member', 'INSERT', NULL, '{"expansion_uuid":"2f0460d0-5472-11ec-bd52-acde48001122","code":"1008554","display":"acetaminophen / codeine / magnesium salicylate / phenyltoloxamine","system":"http://www.nlm.nih.gov/research/umls/rxnorm","version":"2021"}', NULL);
INSERT INTO value_sets.history VALUES (166, '2021-12-03 19:49:59.020906+00', 'value_sets', 'expansion_member', 'INSERT', NULL, '{"expansion_uuid":"2f0460d0-5472-11ec-bd52-acde48001122","code":"214183","display":"acetaminophen / oxyCODONE","system":"http://www.nlm.nih.gov/research/umls/rxnorm","version":"2021"}', NULL);
INSERT INTO value_sets.history VALUES (167, '2021-12-03 19:49:59.239662+00', 'value_sets', 'expansion_member', 'INSERT', NULL, '{"expansion_uuid":"2f0460d0-5472-11ec-bd52-acde48001122","code":"1006887","display":"acetaminophen / doxylamine / phenylephrine","system":"http://www.nlm.nih.gov/research/umls/rxnorm","version":"2021"}', NULL);
INSERT INTO value_sets.history VALUES (168, '2021-12-03 19:49:59.458415+00', 'value_sets', 'expansion_member', 'INSERT', NULL, '{"expansion_uuid":"2f0460d0-5472-11ec-bd52-acde48001122","code":"1008561","display":"acetaminophen / naproxen","system":"http://www.nlm.nih.gov/research/umls/rxnorm","version":"2021"}', NULL);
INSERT INTO value_sets.history VALUES (169, '2021-12-03 19:49:59.661543+00', 'value_sets', 'expansion_member', 'INSERT', NULL, '{"expansion_uuid":"2f0460d0-5472-11ec-bd52-acde48001122","code":"214184","display":"acetaminophen / pamabrom","system":"http://www.nlm.nih.gov/research/umls/rxnorm","version":"2021"}', NULL);
INSERT INTO value_sets.history VALUES (170, '2021-12-03 19:49:59.895852+00', 'value_sets', 'expansion_member', 'INSERT', NULL, '{"expansion_uuid":"2f0460d0-5472-11ec-bd52-acde48001122","code":"1007030","display":"acetaminophen / tolperisone","system":"http://www.nlm.nih.gov/research/umls/rxnorm","version":"2021"}', NULL);
INSERT INTO value_sets.history VALUES (171, '2021-12-03 19:50:00.114674+00', 'value_sets', 'expansion_member', 'INSERT', NULL, '{"expansion_uuid":"2f0460d0-5472-11ec-bd52-acde48001122","code":"1008721","display":"acetaminophen / magnesium salicylate / pamabrom","system":"http://www.nlm.nih.gov/research/umls/rxnorm","version":"2021"}', NULL);
INSERT INTO value_sets.history VALUES (172, '2021-12-03 19:50:00.33337+00', 'value_sets', 'expansion_member', 'INSERT', NULL, '{"expansion_uuid":"2f0460d0-5472-11ec-bd52-acde48001122","code":"214185","display":"acetaminophen / pentazocine","system":"http://www.nlm.nih.gov/research/umls/rxnorm","version":"2021"}', NULL);
INSERT INTO value_sets.history VALUES (173, '2021-12-03 19:50:00.552181+00', 'value_sets', 'expansion_member', 'INSERT', NULL, '{"expansion_uuid":"2f0460d0-5472-11ec-bd52-acde48001122","code":"1006970","display":"acetaminophen / dimenhydrinate","system":"http://www.nlm.nih.gov/research/umls/rxnorm","version":"2021"}', NULL);
INSERT INTO value_sets.history VALUES (174, '2021-12-03 19:50:00.770912+00', 'value_sets', 'expansion_member', 'INSERT', NULL, '{"expansion_uuid":"2f0460d0-5472-11ec-bd52-acde48001122","code":"1008701","display":"acetaminophen / dextromethorphan / doxylamine / phenylephrine","system":"http://www.nlm.nih.gov/research/umls/rxnorm","version":"2021"}', NULL);
INSERT INTO value_sets.history VALUES (175, '2021-12-03 19:50:00.974064+00', 'value_sets', 'expansion_member', 'INSERT', NULL, '{"expansion_uuid":"2f0460d0-5472-11ec-bd52-acde48001122","code":"214186","display":"acetaminophen / phenylephrine","system":"http://www.nlm.nih.gov/research/umls/rxnorm","version":"2021"}', NULL);
INSERT INTO value_sets.history VALUES (176, '2021-12-03 19:50:01.192797+00', 'value_sets', 'expansion_member', 'INSERT', NULL, '{"expansion_uuid":"2f0460d0-5472-11ec-bd52-acde48001122","code":"1006970","display":"acetaminophen / dimenhyDRINATE","system":"http://www.nlm.nih.gov/research/umls/rxnorm","version":"2021"}', NULL);
INSERT INTO value_sets.history VALUES (177, '2021-12-03 19:50:01.395873+00', 'value_sets', 'expansion_member', 'INSERT', NULL, '{"expansion_uuid":"2f0460d0-5472-11ec-bd52-acde48001122","code":"1008706","display":"acetaminophen / dexchlorpheniramine / pseudoephedrine","system":"http://www.nlm.nih.gov/research/umls/rxnorm","version":"2021"}', NULL);
INSERT INTO value_sets.history VALUES (178, '2021-12-03 19:50:01.614701+00', 'value_sets', 'expansion_member', 'INSERT', NULL, '{"expansion_uuid":"2f0460d0-5472-11ec-bd52-acde48001122","code":"214156","display":"acetaminophen / pamabrom / pyrilamine","system":"http://www.nlm.nih.gov/research/umls/rxnorm","version":"2021"}', NULL);
INSERT INTO value_sets.history VALUES (179, '2021-12-03 19:50:01.833384+00', 'value_sets', 'expansion_member', 'INSERT', NULL, '{"expansion_uuid":"2f0460d0-5472-11ec-bd52-acde48001122","code":"214187","display":"acetaminophen / pseudoephedrine","system":"http://www.nlm.nih.gov/research/umls/rxnorm","version":"2021"}', NULL);
INSERT INTO value_sets.history VALUES (180, '2021-12-03 19:50:02.036519+00', 'value_sets', 'expansion_member', 'INSERT', NULL, '{"expansion_uuid":"2f0460d0-5472-11ec-bd52-acde48001122","code":"1007059","display":"acetaminophen / caffeine / pamabrom / vitamin B6","system":"http://www.nlm.nih.gov/research/umls/rxnorm","version":"2021"}', NULL);
INSERT INTO value_sets.history VALUES (181, '2021-12-03 19:50:02.255273+00', 'value_sets', 'expansion_member', 'INSERT', NULL, '{"expansion_uuid":"2f0460d0-5472-11ec-bd52-acde48001122","code":"1008866","display":"acetaminophen / pamabrom / vitamin B6","system":"http://www.nlm.nih.gov/research/umls/rxnorm","version":"2021"}', NULL);
INSERT INTO value_sets.history VALUES (182, '2021-12-03 19:50:02.458462+00', 'value_sets', 'expansion_member', 'INSERT', NULL, '{"expansion_uuid":"2f0460d0-5472-11ec-bd52-acde48001122","code":"214188","display":"acetaminophen / salicylamide","system":"http://www.nlm.nih.gov/research/umls/rxnorm","version":"2021"}', NULL);
INSERT INTO value_sets.history VALUES (183, '2021-12-03 19:50:02.677162+00', 'value_sets', 'expansion_member', 'INSERT', NULL, '{"expansion_uuid":"2f0460d0-5472-11ec-bd52-acde48001122","code":"1007085","display":"acetaminophen / clemastine / phenylpropanolamine","system":"http://www.nlm.nih.gov/research/umls/rxnorm","version":"2021"}', NULL);
INSERT INTO value_sets.history VALUES (184, '2021-12-03 19:50:02.911524+00', 'value_sets', 'expansion_member', 'INSERT', NULL, '{"expansion_uuid":"2f0460d0-5472-11ec-bd52-acde48001122","code":"1008802","display":"acetaminophen / dextromethorphan / diphenhydramine / phenylephrine","system":"http://www.nlm.nih.gov/research/umls/rxnorm","version":"2021"}', NULL);
INSERT INTO value_sets.history VALUES (185, '2021-12-03 19:50:03.114702+00', 'value_sets', 'expansion_member', 'INSERT', NULL, '{"expansion_uuid":"2f0460d0-5472-11ec-bd52-acde48001122","code":"285036","display":"acetaminophen / doxylamine / pseudoephedrine","system":"http://www.nlm.nih.gov/research/umls/rxnorm","version":"2021"}', NULL);
INSERT INTO value_sets.history VALUES (186, '2021-12-03 19:50:03.333477+00', 'value_sets', 'expansion_member', 'INSERT', NULL, '{"expansion_uuid":"2f0460d0-5472-11ec-bd52-acde48001122","code":"1007119","display":"acetaminophen / chlorpheniramine / dextromethorphan / phenylpropanolamine","system":"http://www.nlm.nih.gov/research/umls/rxnorm","version":"2021"}', NULL);
INSERT INTO value_sets.history VALUES (187, '2021-12-03 19:50:03.536584+00', 'value_sets', 'expansion_member', 'INSERT', NULL, '{"expansion_uuid":"2f0460d0-5472-11ec-bd52-acde48001122","code":"1008802","display":"acetaminophen / dextromethorphan / diphenhydrAMINE / phenylephrine","system":"http://www.nlm.nih.gov/research/umls/rxnorm","version":"2021"}', NULL);
INSERT INTO value_sets.history VALUES (188, '2021-12-03 19:50:03.755336+00', 'value_sets', 'expansion_member', 'INSERT', NULL, '{"expansion_uuid":"2f0460d0-5472-11ec-bd52-acde48001122","code":"219228","display":"acetaminophen / phenyltoloxamine","system":"http://www.nlm.nih.gov/research/umls/rxnorm","version":"2021"}', NULL);
INSERT INTO value_sets.history VALUES (189, '2021-12-03 19:50:03.974165+00', 'value_sets', 'expansion_member', 'INSERT', NULL, '{"expansion_uuid":"2f0460d0-5472-11ec-bd52-acde48001122","code":"1007130","display":"acetaminophen / dexbrompheniramine / phenylephrine","system":"http://www.nlm.nih.gov/research/umls/rxnorm","version":"2021"}', NULL);
INSERT INTO value_sets.history VALUES (190, '2021-12-03 19:50:04.177221+00', 'value_sets', 'expansion_member', 'INSERT', NULL, '{"expansion_uuid":"2f0460d0-5472-11ec-bd52-acde48001122","code":"1008871","display":"acetaminophen / codeine / guaifenesin / phenylephrine","system":"http://www.nlm.nih.gov/research/umls/rxnorm","version":"2021"}', NULL);
INSERT INTO value_sets.history VALUES (191, '2021-12-03 19:50:04.395994+00', 'value_sets', 'expansion_member', 'INSERT', NULL, '{"expansion_uuid":"2f0460d0-5472-11ec-bd52-acde48001122","code":"108038","display":"acetaminophen / caffeine","system":"http://www.nlm.nih.gov/research/umls/rxnorm","version":"2021"}', NULL);
INSERT INTO value_sets.history VALUES (192, '2021-12-03 19:50:04.61468+00', 'value_sets', 'expansion_member', 'INSERT', NULL, '{"expansion_uuid":"2f0460d0-5472-11ec-bd52-acde48001122","code":"352362","display":"acetaminophen / tramadol","system":"http://www.nlm.nih.gov/research/umls/rxnorm","version":"2021"}', NULL);
INSERT INTO value_sets.history VALUES (193, '2021-12-03 19:50:04.817854+00', 'value_sets', 'expansion_member', 'INSERT', NULL, '{"expansion_uuid":"2f0460d0-5472-11ec-bd52-acde48001122","code":"1007186","display":"acetaminophen / bromelains","system":"http://www.nlm.nih.gov/research/umls/rxnorm","version":"2021"}', NULL);
INSERT INTO value_sets.history VALUES (194, '2021-12-03 19:50:05.036607+00', 'value_sets', 'expansion_member', 'INSERT', NULL, '{"expansion_uuid":"2f0460d0-5472-11ec-bd52-acde48001122","code":"1008871","display":"acetaminophen / codeine / guaiFENesin / phenylephrine","system":"http://www.nlm.nih.gov/research/umls/rxnorm","version":"2021"}', NULL);
INSERT INTO value_sets.history VALUES (195, '2021-12-03 19:50:05.255379+00', 'value_sets', 'expansion_member', 'INSERT', NULL, '{"expansion_uuid":"2f0460d0-5472-11ec-bd52-acde48001122","code":"214128","display":"acetaminophen / brompheniramine / phenylpropanolamine","system":"http://www.nlm.nih.gov/research/umls/rxnorm","version":"2021"}', NULL);
INSERT INTO value_sets.history VALUES (196, '2021-12-03 19:50:05.45844+00', 'value_sets', 'expansion_member', 'INSERT', NULL, '{"expansion_uuid":"2f0460d0-5472-11ec-bd52-acde48001122","code":"352362","display":"acetaminophen / traMADol","system":"http://www.nlm.nih.gov/research/umls/rxnorm","version":"2021"}', NULL);
INSERT INTO value_sets.history VALUES (197, '2021-12-03 19:50:05.677249+00', 'value_sets', 'expansion_member', 'INSERT', NULL, '{"expansion_uuid":"2f0460d0-5472-11ec-bd52-acde48001122","code":"1007141","display":"acetaminophen / dextromethorphan / pseudoephedrine / pyrilamine","system":"http://www.nlm.nih.gov/research/umls/rxnorm","version":"2021"}', NULL);
INSERT INTO value_sets.history VALUES (198, '2021-12-03 19:50:05.880392+00', 'value_sets', 'expansion_member', 'INSERT', NULL, '{"expansion_uuid":"2f0460d0-5472-11ec-bd52-acde48001122","code":"1008893","display":"acetaminophen / chlorpheniramine / diphenhydramine / pseudoephedrine","system":"http://www.nlm.nih.gov/research/umls/rxnorm","version":"2021"}', NULL);
INSERT INTO value_sets.history VALUES (199, '2021-12-03 19:50:06.099161+00', 'value_sets', 'expansion_member', 'INSERT', NULL, '{"expansion_uuid":"2f0460d0-5472-11ec-bd52-acde48001122","code":"214137","display":"acetaminophen / caffeine / pyrilamine","system":"http://www.nlm.nih.gov/research/umls/rxnorm","version":"2021"}', NULL);
INSERT INTO value_sets.history VALUES (200, '2021-12-03 19:50:06.317855+00', 'value_sets', 'expansion_member', 'INSERT', NULL, '{"expansion_uuid":"2f0460d0-5472-11ec-bd52-acde48001122","code":"214130","display":"acetaminophen / butalbital / caffeine","system":"http://www.nlm.nih.gov/research/umls/rxnorm","version":"2021"}', NULL);
INSERT INTO value_sets.history VALUES (201, '2021-12-03 19:50:06.536663+00', 'value_sets', 'expansion_member', 'INSERT', NULL, '{"expansion_uuid":"2f0460d0-5472-11ec-bd52-acde48001122","code":"392511","display":"acetaminophen / chlormezanone","system":"http://www.nlm.nih.gov/research/umls/rxnorm","version":"2021"}', NULL);
INSERT INTO value_sets.history VALUES (202, '2021-12-03 19:50:06.73976+00', 'value_sets', 'expansion_member', 'INSERT', NULL, '{"expansion_uuid":"2f0460d0-5472-11ec-bd52-acde48001122","code":"1007269","display":"acetaminophen / guaifenesin / pseudoephedrine","system":"http://www.nlm.nih.gov/research/umls/rxnorm","version":"2021"}', NULL);
INSERT INTO value_sets.history VALUES (203, '2021-12-03 19:50:06.958502+00', 'value_sets', 'expansion_member', 'INSERT', NULL, '{"expansion_uuid":"2f0460d0-5472-11ec-bd52-acde48001122","code":"1008893","display":"acetaminophen / chlorpheniramine / diphenhydrAMINE / pseudoephedrine","system":"http://www.nlm.nih.gov/research/umls/rxnorm","version":"2021"}', NULL);
INSERT INTO value_sets.history VALUES (204, '2021-12-03 19:50:07.177324+00', 'value_sets', 'expansion_member', 'INSERT', NULL, '{"expansion_uuid":"2f0460d0-5472-11ec-bd52-acde48001122","code":"392658","display":"acetaminophen / metoclopramide","system":"http://www.nlm.nih.gov/research/umls/rxnorm","version":"2021"}', NULL);
INSERT INTO value_sets.history VALUES (205, '2021-12-03 19:50:07.380454+00', 'value_sets', 'expansion_member', 'INSERT', NULL, '{"expansion_uuid":"2f0460d0-5472-11ec-bd52-acde48001122","code":"1007223","display":"acetaminophen / adiphenine","system":"http://www.nlm.nih.gov/research/umls/rxnorm","version":"2021"}', NULL);
INSERT INTO value_sets.history VALUES (206, '2021-12-03 19:50:07.59919+00', 'value_sets', 'expansion_member', 'INSERT', NULL, '{"expansion_uuid":"2f0460d0-5472-11ec-bd52-acde48001122","code":"1009027","display":"acetaminophen / antipyrine / caffeine","system":"http://www.nlm.nih.gov/research/umls/rxnorm","version":"2021"}', NULL);
INSERT INTO value_sets.history VALUES (207, '2021-12-03 19:50:07.817943+00', 'value_sets', 'expansion_member', 'INSERT', NULL, '{"expansion_uuid":"2f0460d0-5472-11ec-bd52-acde48001122","code":"466517","display":"acetaminophen / dexbrompheniramine / pseudoephedrine","system":"http://www.nlm.nih.gov/research/umls/rxnorm","version":"2021"}', NULL);
INSERT INTO value_sets.history VALUES (208, '2021-12-03 19:50:08.021072+00', 'value_sets', 'expansion_member', 'INSERT', NULL, '{"expansion_uuid":"2f0460d0-5472-11ec-bd52-acde48001122","code":"151196","display":"acetaminophen / dihydrocodeine","system":"http://www.nlm.nih.gov/research/umls/rxnorm","version":"2021"}', NULL);
INSERT INTO value_sets.history VALUES (209, '2021-12-03 19:50:08.239828+00', 'value_sets', 'expansion_member', 'INSERT', NULL, '{"expansion_uuid":"2f0460d0-5472-11ec-bd52-acde48001122","code":"1007227","display":"acetaminophen / buclizine","system":"http://www.nlm.nih.gov/research/umls/rxnorm","version":"2021"}', NULL);
INSERT INTO value_sets.history VALUES (210, '2021-12-03 19:50:08.442903+00', 'value_sets', 'expansion_member', 'INSERT', NULL, '{"expansion_uuid":"2f0460d0-5472-11ec-bd52-acde48001122","code":"1008935","display":"acetaminophen / ketoprofen","system":"http://www.nlm.nih.gov/research/umls/rxnorm","version":"2021"}', NULL);
INSERT INTO value_sets.history VALUES (211, '2021-12-03 19:50:08.661657+00', 'value_sets', 'expansion_member', 'INSERT', NULL, '{"expansion_uuid":"2f0460d0-5472-11ec-bd52-acde48001122","code":"466524","display":"acetaminophen / dextromethorphan / doxylamine / pseudoephedrine","system":"http://www.nlm.nih.gov/research/umls/rxnorm","version":"2021"}', NULL);
INSERT INTO value_sets.history VALUES (212, '2021-12-03 19:50:08.880478+00', 'value_sets', 'expansion_member', 'INSERT', NULL, '{"expansion_uuid":"2f0460d0-5472-11ec-bd52-acde48001122","code":"1007269","display":"acetaminophen / guaiFENesin / pseudoephedrine","system":"http://www.nlm.nih.gov/research/umls/rxnorm","version":"2021"}', NULL);
INSERT INTO value_sets.history VALUES (213, '2021-12-03 19:50:09.083587+00', 'value_sets', 'expansion_member', 'INSERT', NULL, '{"expansion_uuid":"2f0460d0-5472-11ec-bd52-acde48001122","code":"1009123","display":"acetaminophen / domperidone","system":"http://www.nlm.nih.gov/research/umls/rxnorm","version":"2021"}', NULL);
INSERT INTO value_sets.history VALUES (214, '2021-12-03 19:50:09.30236+00', 'value_sets', 'expansion_member', 'INSERT', NULL, '{"expansion_uuid":"2f0460d0-5472-11ec-bd52-acde48001122","code":"466566","display":"acetaminophen / dextromethorphan / diphenhydramine / pseudoephedrine","system":"http://www.nlm.nih.gov/research/umls/rxnorm","version":"2021"}', NULL);
INSERT INTO value_sets.history VALUES (215, '2021-12-03 19:50:09.505431+00', 'value_sets', 'expansion_member', 'INSERT', NULL, '{"expansion_uuid":"2f0460d0-5472-11ec-bd52-acde48001122","code":"1007654","display":"acetaminophen / magnesium salicylate","system":"http://www.nlm.nih.gov/research/umls/rxnorm","version":"2021"}', NULL);
INSERT INTO value_sets.history VALUES (216, '2021-12-03 19:50:09.724248+00', 'value_sets', 'expansion_member', 'INSERT', NULL, '{"expansion_uuid":"2f0460d0-5472-11ec-bd52-acde48001122","code":"1009140","display":"acetaminophen / chlorpheniramine / phenylephrine / phenyltoloxamine","system":"http://www.nlm.nih.gov/research/umls/rxnorm","version":"2021"}', NULL);
INSERT INTO value_sets.history VALUES (217, '2021-12-03 19:50:09.943+00', 'value_sets', 'expansion_member', 'INSERT', NULL, '{"expansion_uuid":"2f0460d0-5472-11ec-bd52-acde48001122","code":"466566","display":"acetaminophen / dextromethorphan / diphenhydrAMINE / pseudoephedrine","system":"http://www.nlm.nih.gov/research/umls/rxnorm","version":"2021"}', NULL);
INSERT INTO value_sets.history VALUES (218, '2021-12-03 19:50:10.161733+00', 'value_sets', 'expansion_member', 'INSERT', NULL, '{"expansion_uuid":"2f0460d0-5472-11ec-bd52-acde48001122","code":"1007522","display":"acetaminophen / caffeine / magnesium salicylate / phenyltoloxamine","system":"http://www.nlm.nih.gov/research/umls/rxnorm","version":"2021"}', NULL);
INSERT INTO value_sets.history VALUES (219, '2021-12-03 19:50:10.364854+00', 'value_sets', 'expansion_member', 'INSERT', NULL, '{"expansion_uuid":"2f0460d0-5472-11ec-bd52-acde48001122","code":"1190930","display":"acetaminophen / dexbrompheniramine","system":"http://www.nlm.nih.gov/research/umls/rxnorm","version":"2021"}', NULL);
INSERT INTO value_sets.history VALUES (220, '2021-12-03 19:50:10.58363+00', 'value_sets', 'expansion_member', 'INSERT', NULL, '{"expansion_uuid":"2f0460d0-5472-11ec-bd52-acde48001122","code":"466569","display":"acetaminophen / dextromethorphan / pseudoephedrine","system":"http://www.nlm.nih.gov/research/umls/rxnorm","version":"2021"}', NULL);
INSERT INTO value_sets.history VALUES (221, '2021-12-03 19:50:10.80236+00', 'value_sets', 'expansion_member', 'INSERT', NULL, '{"expansion_uuid":"2f0460d0-5472-11ec-bd52-acde48001122","code":"1007569","display":"acetaminophen / chlorpheniramine / codeine","system":"http://www.nlm.nih.gov/research/umls/rxnorm","version":"2021"}', NULL);
INSERT INTO value_sets.history VALUES (222, '2021-12-03 19:50:11.021067+00', 'value_sets', 'expansion_member', 'INSERT', NULL, '{"expansion_uuid":"2f0460d0-5472-11ec-bd52-acde48001122","code":"1144260","display":"acetaminophen / chlorpheniramine / salicylamide","system":"http://www.nlm.nih.gov/research/umls/rxnorm","version":"2021"}', NULL);
INSERT INTO value_sets.history VALUES (223, '2021-12-03 19:50:11.224266+00', 'value_sets', 'expansion_member', 'INSERT', NULL, '{"expansion_uuid":"2f0460d0-5472-11ec-bd52-acde48001122","code":"466581","display":"acetaminophen / caffeine / salicylamide","system":"http://www.nlm.nih.gov/research/umls/rxnorm","version":"2021"}', NULL);
INSERT INTO value_sets.history VALUES (224, '2021-12-03 19:50:11.443031+00', 'value_sets', 'expansion_member', 'INSERT', NULL, '{"expansion_uuid":"2f0460d0-5472-11ec-bd52-acde48001122","code":"1007572","display":"acetaminophen / codeine / guaifenesin / pseudoephedrine","system":"http://www.nlm.nih.gov/research/umls/rxnorm","version":"2021"}', NULL);
INSERT INTO value_sets.history VALUES (225, '2021-12-03 19:50:11.661774+00', 'value_sets', 'expansion_member', 'INSERT', NULL, '{"expansion_uuid":"2f0460d0-5472-11ec-bd52-acde48001122","code":"1302427","display":"acetaminophen / chlorpheniramine / guaifenesin","system":"http://www.nlm.nih.gov/research/umls/rxnorm","version":"2021"}', NULL);
INSERT INTO value_sets.history VALUES (226, '2021-12-03 19:50:11.864901+00', 'value_sets', 'expansion_member', 'INSERT', NULL, '{"expansion_uuid":"2f0460d0-5472-11ec-bd52-acde48001122","code":"466584","display":"acetaminophen / aspirin / caffeine","system":"http://www.nlm.nih.gov/research/umls/rxnorm","version":"2021"}', NULL);
INSERT INTO value_sets.history VALUES (227, '2021-12-03 19:50:12.083598+00', 'value_sets', 'expansion_member', 'INSERT', NULL, '{"expansion_uuid":"2f0460d0-5472-11ec-bd52-acde48001122","code":"1007572","display":"acetaminophen / codeine / guaiFENesin / pseudoephedrine","system":"http://www.nlm.nih.gov/research/umls/rxnorm","version":"2021"}', NULL);
INSERT INTO value_sets.history VALUES (228, '2021-12-03 19:50:12.30241+00', 'value_sets', 'expansion_member', 'INSERT', NULL, '{"expansion_uuid":"2f0460d0-5472-11ec-bd52-acde48001122","code":"1241828","display":"acetaminophen / phenylephrine / pyrilamine","system":"http://www.nlm.nih.gov/research/umls/rxnorm","version":"2021"}', NULL);
INSERT INTO value_sets.history VALUES (229, '2021-12-03 19:50:12.505535+00', 'value_sets', 'expansion_member', 'INSERT', NULL, '{"expansion_uuid":"2f0460d0-5472-11ec-bd52-acde48001122","code":"214153","display":"acetaminophen / dichloralphenazone / isometheptene","system":"http://www.nlm.nih.gov/research/umls/rxnorm","version":"2021"}', NULL);
INSERT INTO value_sets.history VALUES (230, '2021-12-03 19:50:12.724295+00', 'value_sets', 'expansion_member', 'INSERT', NULL, '{"expansion_uuid":"2f0460d0-5472-11ec-bd52-acde48001122","code":"615170","display":"acetaminophen / caffeine / phenyltoloxamine","system":"http://www.nlm.nih.gov/research/umls/rxnorm","version":"2021"}', NULL);
INSERT INTO value_sets.history VALUES (231, '2021-12-03 19:50:12.94304+00', 'value_sets', 'expansion_member', 'INSERT', NULL, '{"expansion_uuid":"2f0460d0-5472-11ec-bd52-acde48001122","code":"1007587","display":"acetaminophen / chlorpheniramine / dextromethorphan","system":"http://www.nlm.nih.gov/research/umls/rxnorm","version":"2021"}', NULL);
INSERT INTO value_sets.history VALUES (232, '2021-12-03 19:50:13.146102+00', 'value_sets', 'expansion_member', 'INSERT', NULL, '{"expansion_uuid":"2f0460d0-5472-11ec-bd52-acde48001122","code":"1302427","display":"acetaminophen / chlorpheniramine / guaiFENesin","system":"http://www.nlm.nih.gov/research/umls/rxnorm","version":"2021"}', NULL);
INSERT INTO value_sets.history VALUES (233, '2021-12-03 19:50:13.364863+00', 'value_sets', 'expansion_member', 'INSERT', NULL, '{"expansion_uuid":"2f0460d0-5472-11ec-bd52-acde48001122","code":"494309","display":"acetaminophen / chlorzoxazone","system":"http://www.nlm.nih.gov/research/umls/rxnorm","version":"2021"}', NULL);
INSERT INTO value_sets.history VALUES (234, '2021-12-03 19:50:13.568035+00', 'value_sets', 'expansion_member', 'INSERT', NULL, '{"expansion_uuid":"2f0460d0-5472-11ec-bd52-acde48001122","code":"1007815","display":"acetaminophen / caffeine / salicylic acid","system":"http://www.nlm.nih.gov/research/umls/rxnorm","version":"2021"}', NULL);
INSERT INTO value_sets.history VALUES (235, '2021-12-03 19:50:13.802414+00', 'value_sets', 'expansion_member', 'INSERT', NULL, '{"expansion_uuid":"2f0460d0-5472-11ec-bd52-acde48001122","code":"1366507","display":"acetaminophen / caffeine / chlorpheniramine / guaifenesin / N-methylephedrine","system":"http://www.nlm.nih.gov/research/umls/rxnorm","version":"2021"}', NULL);
INSERT INTO value_sets.history VALUES (236, '2021-12-03 19:50:14.021186+00', 'value_sets', 'expansion_member', 'INSERT', NULL, '{"expansion_uuid":"2f0460d0-5472-11ec-bd52-acde48001122","code":"606096","display":"acetaminophen / guaifenesin","system":"http://www.nlm.nih.gov/research/umls/rxnorm","version":"2021"}', NULL);
INSERT INTO value_sets.history VALUES (237, '2021-12-03 19:50:14.255502+00', 'value_sets', 'expansion_member', 'INSERT', NULL, '{"expansion_uuid":"2f0460d0-5472-11ec-bd52-acde48001122","code":"1007681","display":"acetaminophen / propyphenazone","system":"http://www.nlm.nih.gov/research/umls/rxnorm","version":"2021"}', NULL);
INSERT INTO value_sets.history VALUES (238, '2021-12-03 19:50:14.458631+00', 'value_sets', 'expansion_member', 'INSERT', NULL, '{"expansion_uuid":"2f0460d0-5472-11ec-bd52-acde48001122","code":"1303250","display":"acetaminophen / caffeine / chlorpheniramine","system":"http://www.nlm.nih.gov/research/umls/rxnorm","version":"2021"}', NULL);
INSERT INTO value_sets.history VALUES (239, '2021-12-03 19:50:14.677445+00', 'value_sets', 'expansion_member', 'INSERT', NULL, '{"expansion_uuid":"2f0460d0-5472-11ec-bd52-acde48001122","code":"606096","display":"acetaminophen / guaiFENesin","system":"http://www.nlm.nih.gov/research/umls/rxnorm","version":"2021"}', NULL);
INSERT INTO value_sets.history VALUES (240, '2021-12-03 19:50:14.896196+00', 'value_sets', 'expansion_member', 'INSERT', NULL, '{"expansion_uuid":"2f0460d0-5472-11ec-bd52-acde48001122","code":"1007693","display":"acetaminophen / fursultiamin","system":"http://www.nlm.nih.gov/research/umls/rxnorm","version":"2021"}', NULL);
INSERT INTO value_sets.history VALUES (241, '2021-12-03 19:50:15.114931+00', 'value_sets', 'expansion_member', 'INSERT', NULL, '{"expansion_uuid":"2f0460d0-5472-11ec-bd52-acde48001122","code":"1366507","display":"acetaminophen / caffeine / chlorpheniramine / guaiFENesin / N-methylephedrine","system":"http://www.nlm.nih.gov/research/umls/rxnorm","version":"2021"}', NULL);
INSERT INTO value_sets.history VALUES (242, '2021-12-03 19:50:15.333645+00', 'value_sets', 'expansion_member', 'INSERT', NULL, '{"expansion_uuid":"2f0460d0-5472-11ec-bd52-acde48001122","code":"606797","display":"acetaminophen / caffeine / phenyltoloxamine / salicylamide","system":"http://www.nlm.nih.gov/research/umls/rxnorm","version":"2021"}', NULL);
INSERT INTO value_sets.history VALUES (243, '2021-12-03 19:50:15.55246+00', 'value_sets', 'expansion_member', 'INSERT', NULL, '{"expansion_uuid":"2f0460d0-5472-11ec-bd52-acde48001122","code":"1007704","display":"acetaminophen / salicylic acid","system":"http://www.nlm.nih.gov/research/umls/rxnorm","version":"2021"}', NULL);
INSERT INTO value_sets.history VALUES (244, '2021-12-03 19:50:15.755588+00', 'value_sets', 'expansion_member', 'INSERT', NULL, '{"expansion_uuid":"2f0460d0-5472-11ec-bd52-acde48001122","code":"1534418","display":"acetaminophen / carbidopa","system":"http://www.nlm.nih.gov/research/umls/rxnorm","version":"2021"}', NULL);
INSERT INTO value_sets.history VALUES (245, '2021-12-03 19:50:15.974342+00', 'value_sets', 'expansion_member', 'INSERT', NULL, '{"expansion_uuid":"2f0460d0-5472-11ec-bd52-acde48001122","code":"619676","display":"acetaminophen / methionine","system":"http://www.nlm.nih.gov/research/umls/rxnorm","version":"2021"}', NULL);
INSERT INTO value_sets.history VALUES (246, '2021-12-03 19:50:16.193075+00', 'value_sets', 'expansion_member', 'INSERT', NULL, '{"expansion_uuid":"2f0460d0-5472-11ec-bd52-acde48001122","code":"1007706","display":"acetaminophen / dihydroergotamine","system":"http://www.nlm.nih.gov/research/umls/rxnorm","version":"2021"}', NULL);
INSERT INTO value_sets.history VALUES (247, '2021-12-03 19:50:16.411849+00', 'value_sets', 'expansion_member', 'INSERT', NULL, '{"expansion_uuid":"2f0460d0-5472-11ec-bd52-acde48001122","code":"1593109","display":"acetaminophen / aspirin / diphenhydramine","system":"http://www.nlm.nih.gov/research/umls/rxnorm","version":"2021"}', NULL);
INSERT INTO value_sets.history VALUES (248, '2021-12-03 19:50:16.63053+00', 'value_sets', 'expansion_member', 'INSERT', NULL, '{"expansion_uuid":"2f0460d0-5472-11ec-bd52-acde48001122","code":"214182","display":"acetaminophen / hydrocodone","system":"http://www.nlm.nih.gov/research/umls/rxnorm","version":"2021"}', NULL);
INSERT INTO value_sets.history VALUES (249, '2021-12-03 19:50:16.833728+00', 'value_sets', 'expansion_member', 'INSERT', NULL, '{"expansion_uuid":"2f0460d0-5472-11ec-bd52-acde48001122","code":"617772","display":"acetaminophen / pheniramine / phenylephrine","system":"http://www.nlm.nih.gov/research/umls/rxnorm","version":"2021"}', NULL);
INSERT INTO value_sets.history VALUES (250, '2021-12-03 19:50:17.083738+00', 'value_sets', 'expansion_member', 'INSERT', NULL, '{"expansion_uuid":"2f0460d0-5472-11ec-bd52-acde48001122","code":"1007716","display":"acetaminophen / thiamine","system":"http://www.nlm.nih.gov/research/umls/rxnorm","version":"2021"}', NULL);
INSERT INTO value_sets.history VALUES (251, '2021-12-03 19:50:17.302426+00', 'value_sets', 'expansion_member', 'INSERT', NULL, '{"expansion_uuid":"2f0460d0-5472-11ec-bd52-acde48001122","code":"1593109","display":"acetaminophen / aspirin / diphenhydrAMINE","system":"http://www.nlm.nih.gov/research/umls/rxnorm","version":"2021"}', NULL);
INSERT INTO value_sets.history VALUES (252, '2021-12-03 19:50:17.521223+00', 'value_sets', 'expansion_member', 'INSERT', NULL, '{"expansion_uuid":"2f0460d0-5472-11ec-bd52-acde48001122","code":"687078","display":"acetaminophen / aspirin","system":"http://www.nlm.nih.gov/research/umls/rxnorm","version":"2021"}', NULL);
INSERT INTO value_sets.history VALUES (253, '2021-12-03 19:50:17.72437+00', 'value_sets', 'expansion_member', 'INSERT', NULL, '{"expansion_uuid":"2f0460d0-5472-11ec-bd52-acde48001122","code":"1007827","display":"acetaminophen / pamabrom / vitamin E","system":"http://www.nlm.nih.gov/research/umls/rxnorm","version":"2021"}', NULL);
INSERT INTO value_sets.history VALUES (254, '2021-12-03 19:50:17.943127+00', 'value_sets', 'expansion_member', 'INSERT', NULL, '{"expansion_uuid":"2f0460d0-5472-11ec-bd52-acde48001122","code":"2001357","display":"acetaminophen / benzhydrocodone","system":"http://www.nlm.nih.gov/research/umls/rxnorm","version":"2021"}', NULL);
INSERT INTO value_sets.history VALUES (255, '2021-12-03 19:50:18.146253+00', 'value_sets', 'expansion_member', 'INSERT', NULL, '{"expansion_uuid":"2f0460d0-5472-11ec-bd52-acde48001122","code":"631158","display":"acetaminophen / guaifenesin / phenylephrine","system":"http://www.nlm.nih.gov/research/umls/rxnorm","version":"2021"}', NULL);
INSERT INTO value_sets.history VALUES (256, '2021-12-03 19:50:18.364943+00', 'value_sets', 'expansion_member', 'INSERT', NULL, '{"expansion_uuid":"2f0460d0-5472-11ec-bd52-acde48001122","code":"1007947","display":"acetaminophen / racemethionine","system":"http://www.nlm.nih.gov/research/umls/rxnorm","version":"2021"}', NULL);
INSERT INTO value_sets.history VALUES (257, '2021-12-03 19:50:18.583757+00', 'value_sets', 'expansion_member', 'INSERT', NULL, '{"expansion_uuid":"2f0460d0-5472-11ec-bd52-acde48001122","code":"1593618","display":"acetaminophen / chlophedianol / pyrilamine","system":"http://www.nlm.nih.gov/research/umls/rxnorm","version":"2021"}', NULL);
INSERT INTO value_sets.history VALUES (258, '2021-12-03 19:50:18.80251+00', 'value_sets', 'expansion_member', 'INSERT', NULL, '{"expansion_uuid":"2f0460d0-5472-11ec-bd52-acde48001122","code":"631158","display":"acetaminophen / guaiFENesin / phenylephrine","system":"http://www.nlm.nih.gov/research/umls/rxnorm","version":"2021"}', NULL);
INSERT INTO value_sets.history VALUES (259, '2021-12-03 19:50:19.005616+00', 'value_sets', 'expansion_member', 'INSERT', NULL, '{"expansion_uuid":"2f0460d0-5472-11ec-bd52-acde48001122","code":"1007965","display":"acetaminophen / caffeine / homatropine","system":"http://www.nlm.nih.gov/research/umls/rxnorm","version":"2021"}', NULL);
INSERT INTO value_sets.history VALUES (260, '2021-12-03 19:50:19.224392+00', 'value_sets', 'expansion_member', 'INSERT', NULL, '{"expansion_uuid":"2f0460d0-5472-11ec-bd52-acde48001122","code":"1595630","display":"acetaminophen / brompheniramine","system":"http://www.nlm.nih.gov/research/umls/rxnorm","version":"2021"}', NULL);
INSERT INTO value_sets.history VALUES (261, '2021-12-03 19:50:19.458713+00', 'value_sets', 'expansion_member', 'INSERT', NULL, '{"expansion_uuid":"2f0460d0-5472-11ec-bd52-acde48001122","code":"639194","display":"acetaminophen / propoxyphene","system":"http://www.nlm.nih.gov/research/umls/rxnorm","version":"2021"}', NULL);
INSERT INTO value_sets.history VALUES (262, '2021-12-03 19:50:19.677533+00', 'value_sets', 'expansion_member', 'INSERT', NULL, '{"expansion_uuid":"2f0460d0-5472-11ec-bd52-acde48001122","code":"1008083","display":"acetaminophen / loratadine / pseudoephedrine","system":"http://www.nlm.nih.gov/research/umls/rxnorm","version":"2021"}', NULL);
INSERT INTO value_sets.history VALUES (263, '2021-12-03 19:50:19.911836+00', 'value_sets', 'expansion_member', 'INSERT', NULL, '{"expansion_uuid":"2f0460d0-5472-11ec-bd52-acde48001122","code":"1664630","display":"acetaminophen / dextromethorphan / diphenhydramine / guaifenesin / phenylephrine","system":"http://www.nlm.nih.gov/research/umls/rxnorm","version":"2021"}', NULL);
INSERT INTO value_sets.history VALUES (264, '2021-12-03 19:50:20.130637+00', 'value_sets', 'expansion_member', 'INSERT', NULL, '{"expansion_uuid":"2f0460d0-5472-11ec-bd52-acde48001122","code":"687408","display":"acetaminophen / isometheptene","system":"http://www.nlm.nih.gov/research/umls/rxnorm","version":"2021"}', NULL);
INSERT INTO value_sets.history VALUES (265, '2021-12-03 19:50:20.349389+00', 'value_sets', 'expansion_member', 'INSERT', NULL, '{"expansion_uuid":"2f0460d0-5472-11ec-bd52-acde48001122","code":"1008124","display":"acetaminophen / calcium carbonate / magnesium carbonate / magnesium oxide","system":"http://www.nlm.nih.gov/research/umls/rxnorm","version":"2021"}', NULL);
INSERT INTO value_sets.history VALUES (266, '2021-12-03 19:50:20.568165+00', 'value_sets', 'expansion_member', 'INSERT', NULL, '{"expansion_uuid":"2f0460d0-5472-11ec-bd52-acde48001122","code":"1664630","display":"acetaminophen / dextromethorphan / diphenhydrAMINE / guaiFENesin / phenylephrine","system":"http://www.nlm.nih.gov/research/umls/rxnorm","version":"2021"}', NULL);
INSERT INTO value_sets.history VALUES (267, '2021-12-03 19:50:20.786848+00', 'value_sets', 'expansion_member', 'INSERT', NULL, '{"expansion_uuid":"2f0460d0-5472-11ec-bd52-acde48001122","code":"689567","display":"acetaminophen / caffeine / chlorpheniramine / phenylpropanolamine","system":"http://www.nlm.nih.gov/research/umls/rxnorm","version":"2021"}', NULL);
INSERT INTO value_sets.history VALUES (268, '2021-12-03 19:50:20.990021+00', 'value_sets', 'expansion_member', 'INSERT', NULL, '{"expansion_uuid":"2f0460d0-5472-11ec-bd52-acde48001122","code":"1008500","display":"acetaminophen / brompheniramine / dextromethorphan / pseudoephedrine","system":"http://www.nlm.nih.gov/research/umls/rxnorm","version":"2021"}', NULL);
INSERT INTO value_sets.history VALUES (269, '2021-12-03 19:50:21.208737+00', 'value_sets', 'expansion_member', 'INSERT', NULL, '{"expansion_uuid":"2f0460d0-5472-11ec-bd52-acde48001122","code":"1743368","display":"acetaminophen / chlorpheniramine / dextromethorphan / guaifenesin / phenylephrine","system":"http://www.nlm.nih.gov/research/umls/rxnorm","version":"2021"}', NULL);
INSERT INTO value_sets.history VALUES (270, '2021-12-03 19:50:21.427535+00', 'value_sets', 'expansion_member', 'INSERT', NULL, '{"expansion_uuid":"2f0460d0-5472-11ec-bd52-acde48001122","code":"689568","display":"acetaminophen / caffeine / codeine / salicylamide","system":"http://www.nlm.nih.gov/research/umls/rxnorm","version":"2021"}', NULL);
INSERT INTO value_sets.history VALUES (271, '2021-12-03 19:50:21.646308+00', 'value_sets', 'expansion_member', 'INSERT', NULL, '{"expansion_uuid":"2f0460d0-5472-11ec-bd52-acde48001122","code":"1008142","display":"acetaminophen / ascorbic acid / eucalyptol","system":"http://www.nlm.nih.gov/research/umls/rxnorm","version":"2021"}', NULL);
INSERT INTO value_sets.history VALUES (272, '2021-12-03 19:50:21.865043+00', 'value_sets', 'expansion_member', 'INSERT', NULL, '{"expansion_uuid":"2f0460d0-5472-11ec-bd52-acde48001122","code":"1743368","display":"acetaminophen / chlorpheniramine / dextromethorphan / guaiFENesin / phenylephrine","system":"http://www.nlm.nih.gov/research/umls/rxnorm","version":"2021"}', NULL);
INSERT INTO value_sets.history VALUES (273, '2021-12-03 19:50:22.068188+00', 'value_sets', 'expansion_member', 'INSERT', NULL, '{"expansion_uuid":"2f0460d0-5472-11ec-bd52-acde48001122","code":"689569","display":"acetaminophen / caffeine / dihydrocodeine","system":"http://www.nlm.nih.gov/research/umls/rxnorm","version":"2021"}', NULL);
INSERT INTO value_sets.history VALUES (274, '2021-12-03 19:50:22.286942+00', 'value_sets', 'expansion_member', 'INSERT', NULL, '{"expansion_uuid":"2f0460d0-5472-11ec-bd52-acde48001122","code":"1008157","display":"acetaminophen / aluminum acetate / chlorpheniramine / phenylpropanolamine","system":"http://www.nlm.nih.gov/research/umls/rxnorm","version":"2021"}', NULL);
INSERT INTO value_sets.history VALUES (275, '2021-12-03 19:50:22.505677+00', 'value_sets', 'expansion_member', 'INSERT', NULL, '{"expansion_uuid":"2f0460d0-5472-11ec-bd52-acde48001122","code":"2173661","display":"acetaminophen / dextromethorphan / phenylephrine / triprolidine","system":"http://www.nlm.nih.gov/research/umls/rxnorm","version":"2021"}', NULL);
INSERT INTO value_sets.history VALUES (276, '2021-12-03 19:50:22.708754+00', 'value_sets', 'expansion_member', 'INSERT', NULL, '{"expansion_uuid":"2f0460d0-5472-11ec-bd52-acde48001122","code":"689570","display":"acetaminophen / caffeine / guaifenesin / phenylephrine","system":"http://www.nlm.nih.gov/research/umls/rxnorm","version":"2021"}', NULL);
INSERT INTO value_sets.history VALUES (277, '2021-12-03 19:50:22.927579+00', 'value_sets', 'expansion_member', 'INSERT', NULL, '{"expansion_uuid":"2f0460d0-5472-11ec-bd52-acde48001122","code":"1008252","display":"acetaminophen / dextromethorphan / diphenhydramine","system":"http://www.nlm.nih.gov/research/umls/rxnorm","version":"2021"}', NULL);
INSERT INTO value_sets.history VALUES (278, '2021-12-03 19:50:23.146331+00', 'value_sets', 'expansion_member', 'INSERT', NULL, '{"expansion_uuid":"2f0460d0-5472-11ec-bd52-acde48001122","code":"2178933","display":"acetaminophen / chlorpheniramine / ephedrine / guaifenesin","system":"http://www.nlm.nih.gov/research/umls/rxnorm","version":"2021"}', NULL);
INSERT INTO value_sets.history VALUES (279, '2021-12-03 19:50:23.349382+00', 'value_sets', 'expansion_member', 'INSERT', NULL, '{"expansion_uuid":"2f0460d0-5472-11ec-bd52-acde48001122","code":"689570","display":"acetaminophen / caffeine / guaiFENesin / phenylephrine","system":"http://www.nlm.nih.gov/research/umls/rxnorm","version":"2021"}', NULL);
INSERT INTO value_sets.history VALUES (280, '2021-12-03 19:50:23.568187+00', 'value_sets', 'expansion_member', 'INSERT', NULL, '{"expansion_uuid":"2f0460d0-5472-11ec-bd52-acde48001122","code":"689799","display":"acetaminophen / phenyltoloxamine / salicylamide","system":"http://www.nlm.nih.gov/research/umls/rxnorm","version":"2021"}', NULL);
INSERT INTO value_sets.history VALUES (281, '2021-12-03 19:50:23.786964+00', 'value_sets', 'expansion_member', 'INSERT', NULL, '{"expansion_uuid":"2f0460d0-5472-11ec-bd52-acde48001122","code":"689551","display":"acetaminophen / aspirin / caffeine / calcium gluconate","system":"http://www.nlm.nih.gov/research/umls/rxnorm","version":"2021"}', NULL);
INSERT INTO value_sets.history VALUES (282, '2021-12-03 19:50:23.990088+00', 'value_sets', 'expansion_member', 'INSERT', NULL, '{"expansion_uuid":"2f0460d0-5472-11ec-bd52-acde48001122","code":"689802","display":"acetaminophen / pseudoephedrine / triprolidine","system":"http://www.nlm.nih.gov/research/umls/rxnorm","version":"2021"}', NULL);
INSERT INTO value_sets.history VALUES (283, '2021-12-03 19:50:24.208842+00', 'value_sets', 'expansion_member', 'INSERT', NULL, '{"expansion_uuid":"2f0460d0-5472-11ec-bd52-acde48001122","code":"689572","display":"acetaminophen / caffeine / isometheptene","system":"http://www.nlm.nih.gov/research/umls/rxnorm","version":"2021"}', NULL);
INSERT INTO value_sets.history VALUES (284, '2021-12-03 19:50:24.427571+00', 'value_sets', 'expansion_member', 'INSERT', NULL, '{"expansion_uuid":"2f0460d0-5472-11ec-bd52-acde48001122","code":"689764","display":"acetaminophen / chlorpheniramine / phenylpropanolamine / salicylamide","system":"http://www.nlm.nih.gov/research/umls/rxnorm","version":"2021"}', NULL);
INSERT INTO value_sets.history VALUES (285, '2021-12-03 19:50:24.646324+00', 'value_sets', 'expansion_member', 'INSERT', NULL, '{"expansion_uuid":"2f0460d0-5472-11ec-bd52-acde48001122","code":"689552","display":"acetaminophen / aspirin / caffeine / codeine / salicylamide","system":"http://www.nlm.nih.gov/research/umls/rxnorm","version":"2021"}', NULL);
INSERT INTO value_sets.history VALUES (286, '2021-12-03 19:50:24.865085+00', 'value_sets', 'expansion_member', 'INSERT', NULL, '{"expansion_uuid":"2f0460d0-5472-11ec-bd52-acde48001122","code":"689765","display":"acetaminophen / chlorpheniramine / pseudoephedrine","system":"http://www.nlm.nih.gov/research/umls/rxnorm","version":"2021"}', NULL);
INSERT INTO value_sets.history VALUES (287, '2021-12-03 19:50:25.09941+00', 'value_sets', 'expansion_member', 'INSERT', NULL, '{"expansion_uuid":"2f0460d0-5472-11ec-bd52-acde48001122","code":"689553","display":"acetaminophen / aspirin / caffeine / hydrocodone","system":"http://www.nlm.nih.gov/research/umls/rxnorm","version":"2021"}', NULL);
INSERT INTO value_sets.history VALUES (288, '2021-12-03 19:50:25.302611+00', 'value_sets', 'expansion_member', 'INSERT', NULL, '{"expansion_uuid":"2f0460d0-5472-11ec-bd52-acde48001122","code":"689767","display":"acetaminophen / cinnamedrine / pamabrom","system":"http://www.nlm.nih.gov/research/umls/rxnorm","version":"2021"}', NULL);
INSERT INTO value_sets.history VALUES (289, '2021-12-03 19:50:25.521341+00', 'value_sets', 'expansion_member', 'INSERT', NULL, '{"expansion_uuid":"2f0460d0-5472-11ec-bd52-acde48001122","code":"689553","display":"acetaminophen / aspirin / caffeine / HYDROcodone","system":"http://www.nlm.nih.gov/research/umls/rxnorm","version":"2021"}', NULL);
INSERT INTO value_sets.history VALUES (290, '2021-12-03 19:50:25.740113+00', 'value_sets', 'expansion_member', 'INSERT', NULL, '{"expansion_uuid":"2f0460d0-5472-11ec-bd52-acde48001122","code":"689769","display":"acetaminophen / codeine / guaifenesin / phenylpropanolamine","system":"http://www.nlm.nih.gov/research/umls/rxnorm","version":"2021"}', NULL);
INSERT INTO value_sets.history VALUES (291, '2021-12-03 19:50:25.95884+00', 'value_sets', 'expansion_member', 'INSERT', NULL, '{"expansion_uuid":"2f0460d0-5472-11ec-bd52-acde48001122","code":"689554","display":"acetaminophen / aspirin / caffeine / salicylamide","system":"http://www.nlm.nih.gov/research/umls/rxnorm","version":"2021"}', NULL);
INSERT INTO value_sets.history VALUES (292, '2021-12-03 19:50:26.161991+00', 'value_sets', 'expansion_member', 'INSERT', NULL, '{"expansion_uuid":"2f0460d0-5472-11ec-bd52-acde48001122","code":"689769","display":"acetaminophen / codeine / guaiFENesin / phenylpropanolamine","system":"http://www.nlm.nih.gov/research/umls/rxnorm","version":"2021"}', NULL);
INSERT INTO value_sets.history VALUES (293, '2021-12-03 19:50:26.380745+00', 'value_sets', 'expansion_member', 'INSERT', NULL, '{"expansion_uuid":"2f0460d0-5472-11ec-bd52-acde48001122","code":"689573","display":"acetaminophen / caffeine / phenylpropanolamine / pyrilamine","system":"http://www.nlm.nih.gov/research/umls/rxnorm","version":"2021"}', NULL);
INSERT INTO value_sets.history VALUES (294, '2021-12-03 19:50:26.599498+00', 'value_sets', 'expansion_member', 'INSERT', NULL, '{"expansion_uuid":"2f0460d0-5472-11ec-bd52-acde48001122","code":"689775","display":"acetaminophen / dextromethorphan / guaifenesin","system":"http://www.nlm.nih.gov/research/umls/rxnorm","version":"2021"}', NULL);
INSERT INTO value_sets.history VALUES (295, '2021-12-03 19:50:26.818248+00', 'value_sets', 'expansion_member', 'INSERT', NULL, '{"expansion_uuid":"2f0460d0-5472-11ec-bd52-acde48001122","code":"689555","display":"acetaminophen / aspirin / codeine","system":"http://www.nlm.nih.gov/research/umls/rxnorm","version":"2021"}', NULL);
INSERT INTO value_sets.history VALUES (296, '2021-12-03 19:50:27.021379+00', 'value_sets', 'expansion_member', 'INSERT', NULL, '{"expansion_uuid":"2f0460d0-5472-11ec-bd52-acde48001122","code":"689775","display":"acetaminophen / dextromethorphan / guaiFENesin","system":"http://www.nlm.nih.gov/research/umls/rxnorm","version":"2021"}', NULL);
INSERT INTO value_sets.history VALUES (297, '2021-12-03 19:50:27.24011+00', 'value_sets', 'expansion_member', 'INSERT', NULL, '{"expansion_uuid":"2f0460d0-5472-11ec-bd52-acde48001122","code":"689556","display":"acetaminophen / aspirin / phenylpropanolamine","system":"http://www.nlm.nih.gov/research/umls/rxnorm","version":"2021"}', NULL);
INSERT INTO value_sets.history VALUES (298, '2021-12-03 19:50:27.458884+00', 'value_sets', 'expansion_member', 'INSERT', NULL, '{"expansion_uuid":"2f0460d0-5472-11ec-bd52-acde48001122","code":"689776","display":"acetaminophen / dextromethorphan / guaifenesin / phenylephrine","system":"http://www.nlm.nih.gov/research/umls/rxnorm","version":"2021"}', NULL);
INSERT INTO value_sets.history VALUES (299, '2021-12-03 19:50:27.661941+00', 'value_sets', 'expansion_member', 'INSERT', NULL, '{"expansion_uuid":"2f0460d0-5472-11ec-bd52-acde48001122","code":"689574","display":"acetaminophen / caffeine / phenylpropanolamine / salicylamide","system":"http://www.nlm.nih.gov/research/umls/rxnorm","version":"2021"}', NULL);
INSERT INTO value_sets.history VALUES (300, '2021-12-03 19:50:27.880745+00', 'value_sets', 'expansion_member', 'INSERT', NULL, '{"expansion_uuid":"2f0460d0-5472-11ec-bd52-acde48001122","code":"689776","display":"acetaminophen / dextromethorphan / guaiFENesin / phenylephrine","system":"http://www.nlm.nih.gov/research/umls/rxnorm","version":"2021"}', NULL);
INSERT INTO value_sets.history VALUES (301, '2021-12-03 19:50:28.099493+00', 'value_sets', 'expansion_member', 'INSERT', NULL, '{"expansion_uuid":"2f0460d0-5472-11ec-bd52-acde48001122","code":"820045","display":"acetaminophen / meprobamate","system":"http://www.nlm.nih.gov/research/umls/rxnorm","version":"2021"}', NULL);
INSERT INTO value_sets.history VALUES (302, '2021-12-03 19:50:28.302644+00', 'value_sets', 'expansion_member', 'INSERT', NULL, '{"expansion_uuid":"2f0460d0-5472-11ec-bd52-acde48001122","code":"689557","display":"acetaminophen / atropine / ethaverine / salicylamide","system":"http://www.nlm.nih.gov/research/umls/rxnorm","version":"2021"}', NULL);
INSERT INTO value_sets.history VALUES (303, '2021-12-03 19:50:28.52138+00', 'value_sets', 'expansion_member', 'INSERT', NULL, '{"expansion_uuid":"2f0460d0-5472-11ec-bd52-acde48001122","code":"812243","display":"acetaminophen / caffeine / magnesium salicylate","system":"http://www.nlm.nih.gov/research/umls/rxnorm","version":"2021"}', NULL);
INSERT INTO value_sets.history VALUES (304, '2021-12-03 19:50:28.74015+00', 'value_sets', 'expansion_member', 'INSERT', NULL, '{"expansion_uuid":"2f0460d0-5472-11ec-bd52-acde48001122","code":"689558","display":"acetaminophen / brompheniramine / pseudoephedrine","system":"http://www.nlm.nih.gov/research/umls/rxnorm","version":"2021"}', NULL);
INSERT INTO value_sets.history VALUES (305, '2021-12-03 19:50:28.958831+00', 'value_sets', 'expansion_member', 'INSERT', NULL, '{"expansion_uuid":"2f0460d0-5472-11ec-bd52-acde48001122","code":"705258","display":"acetaminophen / dextromethorphan / doxylamine","system":"http://www.nlm.nih.gov/research/umls/rxnorm","version":"2021"}', NULL);
INSERT INTO value_sets.history VALUES (306, '2021-12-03 19:50:29.162011+00', 'value_sets', 'expansion_member', 'INSERT', NULL, '{"expansion_uuid":"2f0460d0-5472-11ec-bd52-acde48001122","code":"689576","display":"acetaminophen / calcium carbonate","system":"http://www.nlm.nih.gov/research/umls/rxnorm","version":"2021"}', NULL);
INSERT INTO value_sets.history VALUES (307, '2021-12-03 19:50:29.380785+00', 'value_sets', 'expansion_member', 'INSERT', NULL, '{"expansion_uuid":"2f0460d0-5472-11ec-bd52-acde48001122","code":"705259","display":"acetaminophen / dextromethorphan / phenylephrine","system":"http://www.nlm.nih.gov/research/umls/rxnorm","version":"2021"}', NULL);
INSERT INTO value_sets.history VALUES (308, '2021-12-03 19:50:29.58391+00', 'value_sets', 'expansion_member', 'INSERT', NULL, '{"expansion_uuid":"2f0460d0-5472-11ec-bd52-acde48001122","code":"689579","display":"acetaminophen / chlorpheniramine / codeine / phenylephrine","system":"http://www.nlm.nih.gov/research/umls/rxnorm","version":"2021"}', NULL);
INSERT INTO value_sets.history VALUES (309, '2021-12-03 19:50:29.802642+00', 'value_sets', 'expansion_member', 'INSERT', NULL, '{"expansion_uuid":"2f0460d0-5472-11ec-bd52-acde48001122","code":"814290","display":"acetaminophen / doxylamine","system":"http://www.nlm.nih.gov/research/umls/rxnorm","version":"2021"}', NULL);
INSERT INTO value_sets.history VALUES (310, '2021-12-03 19:50:30.021414+00', 'value_sets', 'expansion_member', 'INSERT', NULL, '{"expansion_uuid":"2f0460d0-5472-11ec-bd52-acde48001122","code":"689561","display":"acetaminophen / butalbital / caffeine / codeine","system":"http://www.nlm.nih.gov/research/umls/rxnorm","version":"2021"}', NULL);
INSERT INTO value_sets.history VALUES (311, '2021-12-03 19:50:30.224532+00', 'value_sets', 'expansion_member', 'INSERT', NULL, '{"expansion_uuid":"2f0460d0-5472-11ec-bd52-acde48001122","code":"813110","display":"acetaminophen / chlorpheniramine / phenylephrine / phenylpropanolamine / pyrilamine","system":"http://www.nlm.nih.gov/research/umls/rxnorm","version":"2021"}', NULL);
INSERT INTO value_sets.history VALUES (312, '2021-12-03 19:50:30.443271+00', 'value_sets', 'expansion_member', 'INSERT', NULL, '{"expansion_uuid":"2f0460d0-5472-11ec-bd52-acde48001122","code":"820354","display":"acetaminophen / pyrilamine","system":"http://www.nlm.nih.gov/research/umls/rxnorm","version":"2021"}', NULL);
INSERT INTO value_sets.history VALUES (313, '2021-12-03 19:50:30.661989+00', 'value_sets', 'expansion_member', 'INSERT', NULL, '{"expansion_uuid":"2f0460d0-5472-11ec-bd52-acde48001122","code":"689562","display":"acetaminophen / butalbital / caffeine / hydrocodone","system":"http://www.nlm.nih.gov/research/umls/rxnorm","version":"2021"}', NULL);
INSERT INTO value_sets.history VALUES (314, '2021-12-03 19:50:30.880755+00', 'value_sets', 'expansion_member', 'INSERT', NULL, '{"expansion_uuid":"2f0460d0-5472-11ec-bd52-acde48001122","code":"813715","display":"acetaminophen / diphenhydramine / phenylpropanolamine","system":"http://www.nlm.nih.gov/research/umls/rxnorm","version":"2021"}', NULL);
INSERT INTO value_sets.history VALUES (315, '2021-12-03 19:50:31.083864+00', 'value_sets', 'expansion_member', 'INSERT', NULL, '{"expansion_uuid":"2f0460d0-5472-11ec-bd52-acde48001122","code":"689580","display":"acetaminophen / chlorpheniramine / dextromethorphan / phenylephrine","system":"http://www.nlm.nih.gov/research/umls/rxnorm","version":"2021"}', NULL);
INSERT INTO value_sets.history VALUES (316, '2021-12-03 19:50:31.333934+00', 'value_sets', 'expansion_member', 'INSERT', NULL, '{"expansion_uuid":"2f0460d0-5472-11ec-bd52-acde48001122","code":"813715","display":"acetaminophen / diphenhydrAMINE / phenylpropanolamine","system":"http://www.nlm.nih.gov/research/umls/rxnorm","version":"2021"}', NULL);
INSERT INTO value_sets.history VALUES (317, '2021-12-03 19:50:31.552624+00', 'value_sets', 'expansion_member', 'INSERT', NULL, '{"expansion_uuid":"2f0460d0-5472-11ec-bd52-acde48001122","code":"689582","display":"acetaminophen / chlorpheniramine / dextromethorphan / pseudoephedrine","system":"http://www.nlm.nih.gov/research/umls/rxnorm","version":"2021"}', NULL);
INSERT INTO value_sets.history VALUES (318, '2021-12-03 19:50:31.755744+00', 'value_sets', 'expansion_member', 'INSERT', NULL, '{"expansion_uuid":"2f0460d0-5472-11ec-bd52-acde48001122","code":"814386","display":"acetaminophen / methocarbamol","system":"http://www.nlm.nih.gov/research/umls/rxnorm","version":"2021"}', NULL);
INSERT INTO value_sets.history VALUES (319, '2021-12-03 19:50:31.974587+00', 'value_sets', 'expansion_member', 'INSERT', NULL, '{"expansion_uuid":"2f0460d0-5472-11ec-bd52-acde48001122","code":"689583","display":"acetaminophen / chlorpheniramine / phenylephrine","system":"http://www.nlm.nih.gov/research/umls/rxnorm","version":"2021"}', NULL);
INSERT INTO value_sets.history VALUES (320, '2021-12-03 19:50:32.193339+00', 'value_sets', 'expansion_member', 'INSERT', NULL, '{"expansion_uuid":"2f0460d0-5472-11ec-bd52-acde48001122","code":"814872","display":"acetaminophen / orphenadrine","system":"http://www.nlm.nih.gov/research/umls/rxnorm","version":"2021"}', NULL);
INSERT INTO value_sets.history VALUES (321, '2021-12-03 19:50:32.396447+00', 'value_sets', 'expansion_member', 'INSERT', NULL, '{"expansion_uuid":"2f0460d0-5472-11ec-bd52-acde48001122","code":"689584","display":"acetaminophen / chlorpheniramine / phenylephrine / pyrilamine","system":"http://www.nlm.nih.gov/research/umls/rxnorm","version":"2021"}', NULL);
INSERT INTO value_sets.history VALUES (322, '2021-12-03 19:50:32.615128+00', 'value_sets', 'expansion_member', 'INSERT', NULL, '{"expansion_uuid":"2f0460d0-5472-11ec-bd52-acde48001122","code":"814483","display":"acetaminophen / chlorpheniramine / codeine / pseudoephedrine","system":"http://www.nlm.nih.gov/research/umls/rxnorm","version":"2021"}', NULL);
INSERT INTO value_sets.history VALUES (323, '2021-12-03 19:50:32.833887+00', 'value_sets', 'expansion_member', 'INSERT', NULL, '{"expansion_uuid":"2f0460d0-5472-11ec-bd52-acde48001122","code":"689585","display":"acetaminophen / chlorpheniramine / phenylephrine / salicylamide","system":"http://www.nlm.nih.gov/research/umls/rxnorm","version":"2021"}', NULL);
INSERT INTO value_sets.history VALUES (324, '2021-12-03 19:50:33.052707+00', 'value_sets', 'expansion_member', 'INSERT', NULL, '{"expansion_uuid":"2f0460d0-5472-11ec-bd52-acde48001122","code":"814486","display":"acetaminophen / promethazine","system":"http://www.nlm.nih.gov/research/umls/rxnorm","version":"2021"}', NULL);
INSERT INTO value_sets.history VALUES (325, '2021-12-03 19:50:33.271459+00', 'value_sets', 'expansion_member', 'INSERT', NULL, '{"expansion_uuid":"2f0460d0-5472-11ec-bd52-acde48001122","code":"689762","display":"acetaminophen / chlorpheniramine / phenylpropanolamine","system":"http://www.nlm.nih.gov/research/umls/rxnorm","version":"2021"}', NULL);
INSERT INTO value_sets.history VALUES (326, '2021-12-03 19:50:33.49021+00', 'value_sets', 'expansion_member', 'INSERT', NULL, '{"expansion_uuid":"2f0460d0-5472-11ec-bd52-acde48001122","code":"814657","display":"acetaminophen / caffeine / codeine","system":"http://www.nlm.nih.gov/research/umls/rxnorm","version":"2021"}', NULL);
INSERT INTO value_sets.history VALUES (327, '2021-12-03 19:50:33.693338+00', 'value_sets', 'expansion_member', 'INSERT', NULL, '{"expansion_uuid":"2f0460d0-5472-11ec-bd52-acde48001122","code":"689562","display":"acetaminophen / butalbital / caffeine / HYDROcodone","system":"http://www.nlm.nih.gov/research/umls/rxnorm","version":"2021"}', NULL);
INSERT INTO value_sets.history VALUES (328, '2021-12-03 19:50:33.912068+00', 'value_sets', 'expansion_member', 'INSERT', NULL, '{"expansion_uuid":"2f0460d0-5472-11ec-bd52-acde48001122","code":"815003","display":"acetaminophen / caffeine / chlorpheniramine / pseudoephedrine","system":"http://www.nlm.nih.gov/research/umls/rxnorm","version":"2021"}', NULL);
INSERT INTO value_sets.history VALUES (329, '2021-12-03 19:50:34.130843+00', 'value_sets', 'expansion_member', 'INSERT', NULL, '{"expansion_uuid":"2f0460d0-5472-11ec-bd52-acde48001122","code":"689563","display":"acetaminophen / butalbital / codeine","system":"http://www.nlm.nih.gov/research/umls/rxnorm","version":"2021"}', NULL);
INSERT INTO value_sets.history VALUES (330, '2021-12-03 19:50:34.349529+00', 'value_sets', 'expansion_member', 'INSERT', NULL, '{"expansion_uuid":"2f0460d0-5472-11ec-bd52-acde48001122","code":"816029","display":"acetaminophen / scopolamine","system":"http://www.nlm.nih.gov/research/umls/rxnorm","version":"2021"}', NULL);
INSERT INTO value_sets.history VALUES (331, '2021-12-03 19:50:34.552706+00', 'value_sets', 'expansion_member', 'INSERT', NULL, '{"expansion_uuid":"2f0460d0-5472-11ec-bd52-acde48001122","code":"689566","display":"acetaminophen / caffeine / chlorpheniramine / phenylephrine / pyrilamine","system":"http://www.nlm.nih.gov/research/umls/rxnorm","version":"2021"}', NULL);
INSERT INTO value_sets.history VALUES (332, '2021-12-03 19:50:34.771475+00', 'value_sets', 'expansion_member', 'INSERT', NULL, '{"expansion_uuid":"2f0460d0-5472-11ec-bd52-acde48001122","code":"817322","display":"acetaminophen / chlorpheniramine / phenylpropanolamine / phenyltoloxamine","system":"http://www.nlm.nih.gov/research/umls/rxnorm","version":"2021"}', NULL);
INSERT INTO value_sets.history VALUES (333, '2021-12-03 19:50:34.990207+00', 'value_sets', 'expansion_member', 'INSERT', NULL, '{"expansion_uuid":"2f0460d0-5472-11ec-bd52-acde48001122","code":"689777","display":"acetaminophen / dextromethorphan / guaifenesin / phenylpropanolamine","system":"http://www.nlm.nih.gov/research/umls/rxnorm","version":"2021"}', NULL);
INSERT INTO value_sets.history VALUES (334, '2021-12-03 19:50:35.208983+00', 'value_sets', 'expansion_member', 'INSERT', NULL, '{"expansion_uuid":"2f0460d0-5472-11ec-bd52-acde48001122","code":"816583","display":"acetaminophen / carisoprodol","system":"http://www.nlm.nih.gov/research/umls/rxnorm","version":"2021"}', NULL);
INSERT INTO value_sets.history VALUES (335, '2021-12-03 19:50:35.412039+00', 'value_sets', 'expansion_member', 'INSERT', NULL, '{"expansion_uuid":"2f0460d0-5472-11ec-bd52-acde48001122","code":"689777","display":"acetaminophen / dextromethorphan / guaiFENesin / phenylpropanolamine","system":"http://www.nlm.nih.gov/research/umls/rxnorm","version":"2021"}', NULL);
INSERT INTO value_sets.history VALUES (336, '2021-12-03 19:50:35.630874+00', 'value_sets', 'expansion_member', 'INSERT', NULL, '{"expansion_uuid":"2f0460d0-5472-11ec-bd52-acde48001122","code":"817377","display":"acetaminophen / chlorpheniramine / guaifenesin / phenylpropanolamine","system":"http://www.nlm.nih.gov/research/umls/rxnorm","version":"2021"}', NULL);
INSERT INTO value_sets.history VALUES (337, '2021-12-03 19:50:35.849616+00', 'value_sets', 'expansion_member', 'INSERT', NULL, '{"expansion_uuid":"2f0460d0-5472-11ec-bd52-acde48001122","code":"689778","display":"acetaminophen / dextromethorphan / guaifenesin / pseudoephedrine","system":"http://www.nlm.nih.gov/research/umls/rxnorm","version":"2021"}', NULL);
INSERT INTO value_sets.history VALUES (338, '2021-12-03 19:50:36.052683+00', 'value_sets', 'expansion_member', 'INSERT', NULL, '{"expansion_uuid":"2f0460d0-5472-11ec-bd52-acde48001122","code":"817579","display":"acetaminophen / codeine","system":"http://www.nlm.nih.gov/research/umls/rxnorm","version":"2021"}', NULL);
INSERT INTO value_sets.history VALUES (339, '2021-12-03 19:50:36.271477+00', 'value_sets', 'expansion_member', 'INSERT', NULL, '{"expansion_uuid":"2f0460d0-5472-11ec-bd52-acde48001122","code":"689778","display":"acetaminophen / dextromethorphan / guaiFENesin / pseudoephedrine","system":"http://www.nlm.nih.gov/research/umls/rxnorm","version":"2021"}', NULL);
INSERT INTO value_sets.history VALUES (340, '2021-12-03 19:50:36.490229+00', 'value_sets', 'expansion_member', 'INSERT', NULL, '{"expansion_uuid":"2f0460d0-5472-11ec-bd52-acde48001122","code":"817377","display":"acetaminophen / chlorpheniramine / guaiFENesin / phenylpropanolamine","system":"http://www.nlm.nih.gov/research/umls/rxnorm","version":"2021"}', NULL);
INSERT INTO value_sets.history VALUES (341, '2021-12-03 19:50:36.708939+00', 'value_sets', 'expansion_member', 'INSERT', NULL, '{"expansion_uuid":"2f0460d0-5472-11ec-bd52-acde48001122","code":"689779","display":"acetaminophen / dextromethorphan / phenylephrine / pyrilamine","system":"http://www.nlm.nih.gov/research/umls/rxnorm","version":"2021"}', NULL);
INSERT INTO value_sets.history VALUES (342, '2021-12-03 19:50:36.927734+00', 'value_sets', 'expansion_member', 'INSERT', NULL, '{"expansion_uuid":"2f0460d0-5472-11ec-bd52-acde48001122","code":"817379","display":"acetaminophen / codeine / pseudoephedrine","system":"http://www.nlm.nih.gov/research/umls/rxnorm","version":"2021"}', NULL);
INSERT INTO value_sets.history VALUES (343, '2021-12-03 19:50:37.130882+00', 'value_sets', 'expansion_member', 'INSERT', NULL, '{"expansion_uuid":"2f0460d0-5472-11ec-bd52-acde48001122","code":"689780","display":"acetaminophen / dextromethorphan / phenylpropanolamine","system":"http://www.nlm.nih.gov/research/umls/rxnorm","version":"2021"}', NULL);
INSERT INTO value_sets.history VALUES (344, '2021-12-03 19:50:37.349597+00', 'value_sets', 'expansion_member', 'INSERT', NULL, '{"expansion_uuid":"2f0460d0-5472-11ec-bd52-acde48001122","code":"817430","display":"acetaminophen / caffeine / codeine / meprobamate","system":"http://www.nlm.nih.gov/research/umls/rxnorm","version":"2021"}', NULL);
INSERT INTO value_sets.history VALUES (345, '2021-12-03 19:50:37.568388+00', 'value_sets', 'expansion_member', 'INSERT', NULL, '{"expansion_uuid":"2f0460d0-5472-11ec-bd52-acde48001122","code":"689783","display":"acetaminophen / dihydrocodeine / salicylamide","system":"http://www.nlm.nih.gov/research/umls/rxnorm","version":"2021"}', NULL);
INSERT INTO value_sets.history VALUES (346, '2021-12-03 19:50:37.771453+00', 'value_sets', 'expansion_member', 'INSERT', NULL, '{"expansion_uuid":"2f0460d0-5472-11ec-bd52-acde48001122","code":"817911","display":"acetaminophen / caffeine / phenylephrine","system":"http://www.nlm.nih.gov/research/umls/rxnorm","version":"2021"}', NULL);
INSERT INTO value_sets.history VALUES (347, '2021-12-03 19:50:37.990258+00', 'value_sets', 'expansion_member', 'INSERT', NULL, '{"expansion_uuid":"2f0460d0-5472-11ec-bd52-acde48001122","code":"689785","display":"acetaminophen / diphenhydramine / phenylephrine","system":"http://www.nlm.nih.gov/research/umls/rxnorm","version":"2021"}', NULL);
INSERT INTO value_sets.history VALUES (348, '2021-12-03 19:50:38.209022+00', 'value_sets', 'expansion_member', 'INSERT', NULL, '{"expansion_uuid":"2f0460d0-5472-11ec-bd52-acde48001122","code":"818102","display":"acetaminophen / ibuprofen","system":"http://www.nlm.nih.gov/research/umls/rxnorm","version":"2021"}', NULL);
INSERT INTO value_sets.history VALUES (349, '2021-12-03 19:50:38.42773+00', 'value_sets', 'expansion_member', 'INSERT', NULL, '{"expansion_uuid":"2f0460d0-5472-11ec-bd52-acde48001122","code":"689785","display":"acetaminophen / diphenhydrAMINE / phenylephrine","system":"http://www.nlm.nih.gov/research/umls/rxnorm","version":"2021"}', NULL);
INSERT INTO value_sets.history VALUES (350, '2021-12-03 19:50:38.630841+00', 'value_sets', 'expansion_member', 'INSERT', NULL, '{"expansion_uuid":"2f0460d0-5472-11ec-bd52-acde48001122","code":"818190","display":"acetaminophen / piroxicam","system":"http://www.nlm.nih.gov/research/umls/rxnorm","version":"2021"}', NULL);
INSERT INTO value_sets.history VALUES (351, '2021-12-03 19:50:38.865258+00', 'value_sets', 'expansion_member', 'INSERT', NULL, '{"expansion_uuid":"2f0460d0-5472-11ec-bd52-acde48001122","code":"689786","display":"acetaminophen / diphenhydramine / pseudoephedrine","system":"http://www.nlm.nih.gov/research/umls/rxnorm","version":"2021"}', NULL);
INSERT INTO value_sets.history VALUES (352, '2021-12-03 19:50:39.083972+00', 'value_sets', 'expansion_member', 'INSERT', NULL, '{"expansion_uuid":"2f0460d0-5472-11ec-bd52-acde48001122","code":"818306","display":"acetaminophen / mephenesin","system":"http://www.nlm.nih.gov/research/umls/rxnorm","version":"2021"}', NULL);
INSERT INTO value_sets.history VALUES (353, '2021-12-03 19:50:39.302785+00', 'value_sets', 'expansion_member', 'INSERT', NULL, '{"expansion_uuid":"2f0460d0-5472-11ec-bd52-acde48001122","code":"689786","display":"acetaminophen / diphenhydrAMINE / pseudoephedrine","system":"http://www.nlm.nih.gov/research/umls/rxnorm","version":"2021"}', NULL);
INSERT INTO value_sets.history VALUES (354, '2021-12-03 19:50:39.521515+00', 'value_sets', 'expansion_member', 'INSERT', NULL, '{"expansion_uuid":"2f0460d0-5472-11ec-bd52-acde48001122","code":"819002","display":"acetaminophen / diphenhydramine / guaifenesin / phenylephrine","system":"http://www.nlm.nih.gov/research/umls/rxnorm","version":"2021"}', NULL);
INSERT INTO value_sets.history VALUES (355, '2021-12-03 19:50:39.724614+00', 'value_sets', 'expansion_member', 'INSERT', NULL, '{"expansion_uuid":"2f0460d0-5472-11ec-bd52-acde48001122","code":"689788","display":"acetaminophen / meperidine","system":"http://www.nlm.nih.gov/research/umls/rxnorm","version":"2021"}', NULL);
INSERT INTO value_sets.history VALUES (356, '2021-12-03 19:50:39.943398+00', 'value_sets', 'expansion_member', 'INSERT', NULL, '{"expansion_uuid":"2f0460d0-5472-11ec-bd52-acde48001122","code":"819002","display":"acetaminophen / diphenhydrAMINE / guaiFENesin / phenylephrine","system":"http://www.nlm.nih.gov/research/umls/rxnorm","version":"2021"}', NULL);
INSERT INTO value_sets.history VALUES (357, '2021-12-03 19:50:40.177777+00', 'value_sets', 'expansion_member', 'INSERT', NULL, '{"expansion_uuid":"2f0460d0-5472-11ec-bd52-acde48001122","code":"689794","display":"acetaminophen / phenobarbital","system":"http://www.nlm.nih.gov/research/umls/rxnorm","version":"2021"}', NULL);
INSERT INTO value_sets.history VALUES (358, '2021-12-03 19:50:40.396552+00', 'value_sets', 'expansion_member', 'INSERT', NULL, '{"expansion_uuid":"2f0460d0-5472-11ec-bd52-acde48001122","code":"819516","display":"acetaminophen / diclofenac","system":"http://www.nlm.nih.gov/research/umls/rxnorm","version":"2021"}', NULL);
INSERT INTO value_sets.history VALUES (359, '2021-12-03 19:50:40.599681+00', 'value_sets', 'expansion_member', 'INSERT', NULL, '{"expansion_uuid":"2f0460d0-5472-11ec-bd52-acde48001122","code":"689794","display":"acetaminophen / PHENobarbital","system":"http://www.nlm.nih.gov/research/umls/rxnorm","version":"2021"}', NULL);
INSERT INTO value_sets.history VALUES (360, '2021-12-03 19:50:40.818432+00', 'value_sets', 'expansion_member', 'INSERT', NULL, '{"expansion_uuid":"2f0460d0-5472-11ec-bd52-acde48001122","code":"819910","display":"acetaminophen / caffeine / chlorpheniramine / phenylephrine","system":"http://www.nlm.nih.gov/research/umls/rxnorm","version":"2021"}', NULL);
INSERT INTO value_sets.history VALUES (361, '2021-12-03 19:50:41.037185+00', 'value_sets', 'expansion_member', 'INSERT', NULL, '{"expansion_uuid":"2f0460d0-5472-11ec-bd52-acde48001122","code":"689796","display":"acetaminophen / phenylpropanolamine","system":"http://www.nlm.nih.gov/research/umls/rxnorm","version":"2021"}', NULL);
INSERT INTO value_sets.history VALUES (362, '2021-12-03 19:50:41.240294+00', 'value_sets', 'expansion_member', 'INSERT', NULL, '{"expansion_uuid":"2f0460d0-5472-11ec-bd52-acde48001122","code":"689797","display":"acetaminophen / phenylpropanolamine / phenyltoloxamine","system":"http://www.nlm.nih.gov/research/umls/rxnorm","version":"2021"}', NULL);
INSERT INTO value_sets.history VALUES (363, '2021-12-03 21:56:20.938292+00', 'value_sets', 'value_set_rule', 'DELETE', NULL, NULL, '{"uuid":"51380cd0-38fa-11ec-99e8-597cf70635af","position":null,"description":"SNOMED","property":"code","operator":"direct-child","value":"code","include":true,"value_set_version":"7d7fe5f4-216f-4cb3-bba5-50378298bd96","terminology_version":"3b07a086-2227-11ec-9621-0242ac130002"}');
INSERT INTO value_sets.history VALUES (364, '2021-12-03 21:57:04.845261+00', 'value_sets', 'value_set_rule', 'INSERT', NULL, '{"uuid":"f360f770-5483-11ec-81d3-4957c6ed3cdf","position":null,"description":"","property":"ecl","operator":"=","value":"<< 404684003|Clinical finding| : 363698007|Finding site| = <<66019005|Limb structure| ","include":true,"value_set_version":"7d7fe5f4-216f-4cb3-bba5-50378298bd96","terminology_version":"3b07a086-2227-11ec-9621-0242ac130002"}', NULL);
INSERT INTO value_sets.history VALUES (365, '2021-12-03 21:57:27.830022+00', 'value_sets', 'expansion', 'INSERT', NULL, '{"uuid":"0283117a-5484-11ec-932b-acde48001122","vs_version_uuid":"7d7fe5f4-216f-4cb3-bba5-50378298bd96","timestamp":"21:57:27.830022+00"}', NULL);
INSERT INTO value_sets.history VALUES (366, '2021-12-03 21:57:29.908247+00', 'value_sets', 'expansion_member', 'INSERT', NULL, '{"expansion_uuid":"0283117a-5484-11ec-932b-acde48001122","code":"959201281000119107","display":"Pressure injury of deep tissue of left buttock (disorder)","system":"http://snomed.info/sct","version":"2021"}', NULL);
INSERT INTO value_sets.history VALUES (367, '2021-12-03 21:57:30.127002+00', 'value_sets', 'expansion_member', 'INSERT', NULL, '{"expansion_uuid":"0283117a-5484-11ec-932b-acde48001122","code":"705220971000119104","display":"Pressure injury of deep tissue of right hip (disorder)","system":"http://snomed.info/sct","version":"2021"}', NULL);
INSERT INTO value_sets.history VALUES (368, '2021-12-03 21:57:30.330067+00', 'value_sets', 'expansion_member', 'INSERT', NULL, '{"expansion_uuid":"0283117a-5484-11ec-932b-acde48001122","code":"22120001000004107","display":"Nonunion fracture of right ulna (disorder)","system":"http://snomed.info/sct","version":"2021"}', NULL);
INSERT INTO value_sets.history VALUES (369, '2021-12-03 21:57:30.548823+00', 'value_sets', 'expansion_member', 'INSERT', NULL, '{"expansion_uuid":"0283117a-5484-11ec-932b-acde48001122","code":"21640001000004108","display":"Subtrochanteric fracture of left femur (disorder)","system":"http://snomed.info/sct","version":"2021"}', NULL);
INSERT INTO value_sets.history VALUES (370, '2021-12-03 21:57:30.751949+00', 'value_sets', 'expansion_member', 'INSERT', NULL, '{"expansion_uuid":"0283117a-5484-11ec-932b-acde48001122","code":"21080001000004105","display":"Subchondral insufficiency fracture of condyle of femur (disorder)","system":"http://snomed.info/sct","version":"2021"}', NULL);
INSERT INTO value_sets.history VALUES (371, '2021-12-03 21:57:30.970745+00', 'value_sets', 'expansion_member', 'INSERT', NULL, '{"expansion_uuid":"0283117a-5484-11ec-932b-acde48001122","code":"561885931000119106","display":"Deep tissue pressure injury of right heel (disorder)","system":"http://snomed.info/sct","version":"2021"}', NULL);
INSERT INTO value_sets.history VALUES (372, '2021-12-03 21:57:31.189522+00', 'value_sets', 'expansion_member', 'INSERT', NULL, '{"expansion_uuid":"0283117a-5484-11ec-932b-acde48001122","code":"20850001000004108","display":"Deep venous thrombosis of right upper extremity (disorder)","system":"http://snomed.info/sct","version":"2021"}', NULL);
INSERT INTO value_sets.history VALUES (373, '2021-12-03 21:57:31.392646+00', 'value_sets', 'expansion_member', 'INSERT', NULL, '{"expansion_uuid":"0283117a-5484-11ec-932b-acde48001122","code":"282236291000119109","display":"Pressure injury of deep tissue of right buttock (disorder)","system":"http://snomed.info/sct","version":"2021"}', NULL);
INSERT INTO value_sets.history VALUES (374, '2021-12-03 21:57:31.611398+00', 'value_sets', 'expansion_member', 'INSERT', NULL, '{"expansion_uuid":"0283117a-5484-11ec-932b-acde48001122","code":"20740001000004108","display":"Mass of elbow region (disorder)","system":"http://snomed.info/sct","version":"2021"}', NULL);
INSERT INTO value_sets.history VALUES (375, '2021-12-03 21:57:31.845777+00', 'value_sets', 'expansion_member', 'INSERT', NULL, '{"expansion_uuid":"0283117a-5484-11ec-932b-acde48001122","code":"450728161000119104","display":"Pressure injury of deep tissue of left ankle (disorder)","system":"http://snomed.info/sct","version":"2021"}', NULL);
INSERT INTO value_sets.history VALUES (376, '2021-12-03 21:57:32.048907+00', 'value_sets', 'expansion_member', 'INSERT', NULL, '{"expansion_uuid":"0283117a-5484-11ec-932b-acde48001122","code":"19350001000004107","display":"Stress fracture of tibia and fibula (disorder)","system":"http://snomed.info/sct","version":"2021"}', NULL);
INSERT INTO value_sets.history VALUES (377, '2021-12-03 21:57:32.267638+00', 'value_sets', 'expansion_member', 'INSERT', NULL, '{"expansion_uuid":"0283117a-5484-11ec-932b-acde48001122","code":"249389151000119103","display":"Malignant melanoma of skin of right wrist (disorder)","system":"http://snomed.info/sct","version":"2021"}', NULL);
INSERT INTO value_sets.history VALUES (378, '2021-12-03 21:57:32.48634+00', 'value_sets', 'expansion_member', 'INSERT', NULL, '{"expansion_uuid":"0283117a-5484-11ec-932b-acde48001122","code":"19060001000004103","display":"Pressure ulcer of left lower limb (disorder)","system":"http://snomed.info/sct","version":"2021"}', NULL);
INSERT INTO value_sets.history VALUES (379, '2021-12-03 21:57:32.689517+00', 'value_sets', 'expansion_member', 'INSERT', NULL, '{"expansion_uuid":"0283117a-5484-11ec-932b-acde48001122","code":"243971001000119103","display":"Malignant melanoma of skin of right ankle (disorder)","system":"http://snomed.info/sct","version":"2021"}', NULL);
INSERT INTO value_sets.history VALUES (380, '2021-12-03 21:57:32.908229+00', 'value_sets', 'expansion_member', 'INSERT', NULL, '{"expansion_uuid":"0283117a-5484-11ec-932b-acde48001122","code":"18630001000004100","display":"Infection of prosthesis of right hip (disorder)","system":"http://snomed.info/sct","version":"2021"}', NULL);
INSERT INTO value_sets.history VALUES (381, '2021-12-03 21:57:33.111399+00', 'value_sets', 'expansion_member', 'INSERT', NULL, '{"expansion_uuid":"0283117a-5484-11ec-932b-acde48001122","code":"139566261000119101","display":"Deep tissue pressure injury of left heel (disorder)","system":"http://snomed.info/sct","version":"2021"}', NULL);
INSERT INTO value_sets.history VALUES (382, '2021-12-03 21:57:33.330154+00', 'value_sets', 'expansion_member', 'INSERT', NULL, '{"expansion_uuid":"0283117a-5484-11ec-932b-acde48001122","code":"18310001000004100","display":"Fracture of distal end of right radius (disorder)","system":"http://snomed.info/sct","version":"2021"}', NULL);
INSERT INTO value_sets.history VALUES (383, '2021-12-03 21:57:33.533303+00', 'value_sets', 'expansion_member', 'INSERT', NULL, '{"expansion_uuid":"0283117a-5484-11ec-932b-acde48001122","code":"808558991000119105","display":"Malignant melanoma of skin of left forearm (disorder)","system":"http://snomed.info/sct","version":"2021"}', NULL);
INSERT INTO value_sets.history VALUES (384, '2021-12-03 21:57:33.751986+00', 'value_sets', 'expansion_member', 'INSERT', NULL, '{"expansion_uuid":"0283117a-5484-11ec-932b-acde48001122","code":"133510681000119108","display":"Mass of left axillary region (finding)","system":"http://snomed.info/sct","version":"2021"}', NULL);
INSERT INTO value_sets.history VALUES (385, '2021-12-03 21:57:33.95519+00', 'value_sets', 'expansion_member', 'INSERT', NULL, '{"expansion_uuid":"0283117a-5484-11ec-932b-acde48001122","code":"18230001000004102","display":"Closed fracture of left pilon (disorder)","system":"http://snomed.info/sct","version":"2021"}', NULL);
INSERT INTO value_sets.history VALUES (386, '2021-12-03 21:57:34.173887+00', 'value_sets', 'expansion_member', 'INSERT', NULL, '{"expansion_uuid":"0283117a-5484-11ec-932b-acde48001122","code":"104346171000119109","display":"Thrombophlebitis of right peroneal vein (disorder)","system":"http://snomed.info/sct","version":"2021"}', NULL);
INSERT INTO value_sets.history VALUES (387, '2021-12-03 21:57:34.392691+00', 'value_sets', 'expansion_member', 'INSERT', NULL, '{"expansion_uuid":"0283117a-5484-11ec-932b-acde48001122","code":"17320001000004103","display":"Stenosis of left axillary vein (disorder)","system":"http://snomed.info/sct","version":"2021"}', NULL);
INSERT INTO value_sets.history VALUES (388, '2021-12-03 21:57:34.611427+00', 'value_sets', 'expansion_member', 'INSERT', NULL, '{"expansion_uuid":"0283117a-5484-11ec-932b-acde48001122","code":"98067641000119101","display":"Chronic deep venous thrombosis of right peroneal vein (disorder)","system":"http://snomed.info/sct","version":"2021"}', NULL);
INSERT INTO value_sets.history VALUES (389, '2021-12-03 21:57:34.830178+00', 'value_sets', 'expansion_member', 'INSERT', NULL, '{"expansion_uuid":"0283117a-5484-11ec-932b-acde48001122","code":"16899701000119102","display":"Pain of joint of bilateral hands (finding)","system":"http://snomed.info/sct","version":"2021"}', NULL);
INSERT INTO value_sets.history VALUES (390, '2021-12-03 21:57:35.048971+00', 'value_sets', 'expansion_member', 'INSERT', NULL, '{"expansion_uuid":"0283117a-5484-11ec-932b-acde48001122","code":"81121301000119109","display":"Acute deep venous thrombosis of bilateral peroneal veins (disorder)","system":"http://snomed.info/sct","version":"2021"}', NULL);
INSERT INTO value_sets.history VALUES (391, '2021-12-03 21:57:35.267723+00', 'value_sets', 'expansion_member', 'INSERT', NULL, '{"expansion_uuid":"0283117a-5484-11ec-932b-acde48001122","code":"843433951000119102","display":"Acute deep venous thrombosis of right peroneal vein (disorder)","system":"http://snomed.info/sct","version":"2021"}', NULL);
INSERT INTO value_sets.history VALUES (392, '2021-12-03 21:57:35.47086+00', 'value_sets', 'expansion_member', 'INSERT', NULL, '{"expansion_uuid":"0283117a-5484-11ec-932b-acde48001122","code":"324946811000119102","display":"Pressure injury of deep tissue of right ankle (disorder)","system":"http://snomed.info/sct","version":"2021"}', NULL);
INSERT INTO value_sets.history VALUES (393, '2021-12-03 21:57:35.689563+00', 'value_sets', 'expansion_member', 'INSERT', NULL, '{"expansion_uuid":"0283117a-5484-11ec-932b-acde48001122","code":"16898401000119104","display":"Closed mallet fracture of distal phalanx of middle finger of right hand (disorder)","system":"http://snomed.info/sct","version":"2021"}', NULL);
INSERT INTO value_sets.history VALUES (394, '2021-12-03 21:57:35.908398+00', 'value_sets', 'expansion_member', 'INSERT', NULL, '{"expansion_uuid":"0283117a-5484-11ec-932b-acde48001122","code":"400375351000119102","display":"Malignant melanoma of skin of left ankle (disorder)","system":"http://snomed.info/sct","version":"2021"}', NULL);
INSERT INTO value_sets.history VALUES (395, '2021-12-03 21:57:36.111488+00', 'value_sets', 'expansion_member', 'INSERT', NULL, '{"expansion_uuid":"0283117a-5484-11ec-932b-acde48001122","code":"892417201000119109","display":"Mass of right axillary region (finding)","system":"http://snomed.info/sct","version":"2021"}', NULL);
INSERT INTO value_sets.history VALUES (396, '2021-12-03 21:57:36.330186+00', 'value_sets', 'expansion_member', 'INSERT', NULL, '{"expansion_uuid":"0283117a-5484-11ec-932b-acde48001122","code":"46557031000119105","display":"Acute deep venous thrombosis of left peroneal vein (disorder)","system":"http://snomed.info/sct","version":"2021"}', NULL);
INSERT INTO value_sets.history VALUES (397, '2021-12-03 21:57:36.533387+00', 'value_sets', 'expansion_member', 'INSERT', NULL, '{"expansion_uuid":"0283117a-5484-11ec-932b-acde48001122","code":"16898361000119108","display":"Closed mallet fracture of distal phalanx of middle finger of left hand (disorder)","system":"http://snomed.info/sct","version":"2021"}', NULL);
INSERT INTO value_sets.history VALUES (398, '2021-12-03 21:57:36.752141+00', 'value_sets', 'expansion_member', 'INSERT', NULL, '{"expansion_uuid":"0283117a-5484-11ec-932b-acde48001122","code":"32130001000004108","display":"Spur of ankle bone (disorder)","system":"http://snomed.info/sct","version":"2021"}', NULL);
INSERT INTO value_sets.history VALUES (399, '2021-12-03 21:57:36.970876+00', 'value_sets', 'expansion_member', 'INSERT', NULL, '{"expansion_uuid":"0283117a-5484-11ec-932b-acde48001122","code":"16898321000119103","display":"Closed fracture of distal phalanx of ring finger of right hand (disorder)","system":"http://snomed.info/sct","version":"2021"}', NULL);
INSERT INTO value_sets.history VALUES (400, '2021-12-03 21:57:37.173999+00', 'value_sets', 'expansion_member', 'INSERT', NULL, '{"expansion_uuid":"0283117a-5484-11ec-932b-acde48001122","code":"29750001000004107","display":"Supracondylar fracture of left humerus (disorder)","system":"http://snomed.info/sct","version":"2021"}', NULL);
INSERT INTO value_sets.history VALUES (401, '2021-12-03 21:57:37.392717+00', 'value_sets', 'expansion_member', 'INSERT', NULL, '{"expansion_uuid":"0283117a-5484-11ec-932b-acde48001122","code":"16891571000119103","display":"Cyst of medial meniscus of left knee (disorder)","system":"http://snomed.info/sct","version":"2021"}', NULL);
INSERT INTO value_sets.history VALUES (402, '2021-12-03 21:57:37.595845+00', 'value_sets', 'expansion_member', 'INSERT', NULL, '{"expansion_uuid":"0283117a-5484-11ec-932b-acde48001122","code":"25860001000004107","display":"Fracture of head of right radius (disorder)","system":"http://snomed.info/sct","version":"2021"}', NULL);
INSERT INTO value_sets.history VALUES (403, '2021-12-03 21:57:37.814662+00', 'value_sets', 'expansion_member', 'INSERT', NULL, '{"expansion_uuid":"0283117a-5484-11ec-932b-acde48001122","code":"985355341000119101","display":"Malignant melanoma of skin of left wrist (disorder)","system":"http://snomed.info/sct","version":"2021"}', NULL);
INSERT INTO value_sets.history VALUES (404, '2021-12-03 21:57:38.033353+00', 'value_sets', 'expansion_member', 'INSERT', NULL, '{"expansion_uuid":"0283117a-5484-11ec-932b-acde48001122","code":"16867081000119101","display":"Closed fracture of capitellum of left humerus (disorder)","system":"http://snomed.info/sct","version":"2021"}', NULL);
INSERT INTO value_sets.history VALUES (405, '2021-12-03 21:57:38.252166+00', 'value_sets', 'expansion_member', 'INSERT', NULL, '{"expansion_uuid":"0283117a-5484-11ec-932b-acde48001122","code":"961792901000119102","display":"Thrombophlebitis of left peroneal vein (disorder)","system":"http://snomed.info/sct","version":"2021"}', NULL);
INSERT INTO value_sets.history VALUES (406, '2021-12-03 21:57:38.455294+00', 'value_sets', 'expansion_member', 'INSERT', NULL, '{"expansion_uuid":"0283117a-5484-11ec-932b-acde48001122","code":"25820001000004100","display":"Deep venous thrombosis of left upper extremity (disorder)","system":"http://snomed.info/sct","version":"2021"}', NULL);
INSERT INTO value_sets.history VALUES (407, '2021-12-03 21:57:38.674046+00', 'value_sets', 'expansion_member', 'INSERT', NULL, '{"expansion_uuid":"0283117a-5484-11ec-932b-acde48001122","code":"939595491000119108","display":"Malignant melanoma of skin of right forearm (disorder)","system":"http://snomed.info/sct","version":"2021"}', NULL);
INSERT INTO value_sets.history VALUES (408, '2021-12-03 21:57:38.892739+00', 'value_sets', 'expansion_member', 'INSERT', NULL, '{"expansion_uuid":"0283117a-5484-11ec-932b-acde48001122","code":"16866431000119108","display":"Closed fracture of capitellum of right humerus (disorder)","system":"http://snomed.info/sct","version":"2021"}', NULL);
INSERT INTO value_sets.history VALUES (409, '2021-12-03 21:57:39.11156+00', 'value_sets', 'expansion_member', 'INSERT', NULL, '{"expansion_uuid":"0283117a-5484-11ec-932b-acde48001122","code":"23630001000004100","display":"Supracondylar fracture of right humerus (disorder)","system":"http://snomed.info/sct","version":"2021"}', NULL);
INSERT INTO value_sets.history VALUES (410, '2021-12-03 21:57:39.314623+00', 'value_sets', 'expansion_member', 'INSERT', NULL, '{"expansion_uuid":"0283117a-5484-11ec-932b-acde48001122","code":"16839401000119104","display":"Low back pain co-occurrent with neuralgia of left sciatic nerve (disorder)","system":"http://snomed.info/sct","version":"2021"}', NULL);
INSERT INTO value_sets.history VALUES (411, '2021-12-03 21:57:39.533438+00', 'value_sets', 'expansion_member', 'INSERT', NULL, '{"expansion_uuid":"0283117a-5484-11ec-932b-acde48001122","code":"23250001000004103","display":"Fracture of medial condyle of proximal right tibia (disorder)","system":"http://snomed.info/sct","version":"2021"}', NULL);
INSERT INTO value_sets.history VALUES (412, '2021-12-03 21:57:39.752193+00', 'value_sets', 'expansion_member', 'INSERT', NULL, '{"expansion_uuid":"0283117a-5484-11ec-932b-acde48001122","code":"16819541000119108","display":"Spontaneous rupture of plantar fascia of left foot (disorder)","system":"http://snomed.info/sct","version":"2021"}', NULL);
INSERT INTO value_sets.history VALUES (413, '2021-12-03 21:57:39.970948+00', 'value_sets', 'expansion_member', 'INSERT', NULL, '{"expansion_uuid":"0283117a-5484-11ec-932b-acde48001122","code":"856856651000119109","display":"Chronic deep venous thrombosis of left peroneal vein (disorder)","system":"http://snomed.info/sct","version":"2021"}', NULL);
INSERT INTO value_sets.history VALUES (414, '2021-12-03 21:57:40.189713+00', 'value_sets', 'expansion_member', 'INSERT', NULL, '{"expansion_uuid":"0283117a-5484-11ec-932b-acde48001122","code":"22770001000004100","display":"Comminuted fracture of left humerus (disorder)","system":"http://snomed.info/sct","version":"2021"}', NULL);
INSERT INTO value_sets.history VALUES (415, '2021-12-03 21:57:40.392754+00', 'value_sets', 'expansion_member', 'INSERT', NULL, '{"expansion_uuid":"0283117a-5484-11ec-932b-acde48001122","code":"392913311000119107","display":"Pressure injury of deep tissue of left hip (disorder)","system":"http://snomed.info/sct","version":"2021"}', NULL);
INSERT INTO value_sets.history VALUES (416, '2021-12-03 22:21:26.072665+00', 'value_sets', 'expansion', 'INSERT', NULL, '{"uuid":"5b728894-5487-11ec-97f2-acde48001122","vs_version_uuid":"7d7fe5f4-216f-4cb3-bba5-50378298bd96","timestamp":"22:21:26.072665+00"}', NULL);
INSERT INTO value_sets.history VALUES (417, '2021-12-03 22:21:27.635145+00', 'value_sets', 'expansion_member', 'INSERT', NULL, '{"expansion_uuid":"5b728894-5487-11ec-97f2-acde48001122","code":"20850001000004108","display":"Deep venous thrombosis of right upper extremity (disorder)","system":"http://snomed.info/sct","version":"2021"}', NULL);
INSERT INTO value_sets.history VALUES (418, '2021-12-03 22:21:27.853944+00', 'value_sets', 'expansion_member', 'INSERT', NULL, '{"expansion_uuid":"5b728894-5487-11ec-97f2-acde48001122","code":"282236291000119109","display":"Pressure injury of deep tissue of right buttock (disorder)","system":"http://snomed.info/sct","version":"2021"}', NULL);
INSERT INTO value_sets.history VALUES (419, '2021-12-03 22:21:28.057067+00', 'value_sets', 'expansion_member', 'INSERT', NULL, '{"expansion_uuid":"5b728894-5487-11ec-97f2-acde48001122","code":"20740001000004108","display":"Mass of elbow region (disorder)","system":"http://snomed.info/sct","version":"2021"}', NULL);
INSERT INTO value_sets.history VALUES (420, '2021-12-03 22:21:28.275784+00', 'value_sets', 'expansion_member', 'INSERT', NULL, '{"expansion_uuid":"5b728894-5487-11ec-97f2-acde48001122","code":"450728161000119104","display":"Pressure injury of deep tissue of left ankle (disorder)","system":"http://snomed.info/sct","version":"2021"}', NULL);
INSERT INTO value_sets.history VALUES (421, '2021-12-03 22:21:28.494598+00', 'value_sets', 'expansion_member', 'INSERT', NULL, '{"expansion_uuid":"5b728894-5487-11ec-97f2-acde48001122","code":"705220971000119104","display":"Pressure injury of deep tissue of right hip (disorder)","system":"http://snomed.info/sct","version":"2021"}', NULL);
INSERT INTO value_sets.history VALUES (422, '2021-12-03 22:21:28.69779+00', 'value_sets', 'expansion_member', 'INSERT', NULL, '{"expansion_uuid":"5b728894-5487-11ec-97f2-acde48001122","code":"19350001000004107","display":"Stress fracture of tibia and fibula (disorder)","system":"http://snomed.info/sct","version":"2021"}', NULL);
INSERT INTO value_sets.history VALUES (423, '2021-12-03 22:21:28.916488+00', 'value_sets', 'expansion_member', 'INSERT', NULL, '{"expansion_uuid":"5b728894-5487-11ec-97f2-acde48001122","code":"249389151000119103","display":"Malignant melanoma of skin of right wrist (disorder)","system":"http://snomed.info/sct","version":"2021"}', NULL);
INSERT INTO value_sets.history VALUES (424, '2021-12-03 22:21:29.135168+00', 'value_sets', 'expansion_member', 'INSERT', NULL, '{"expansion_uuid":"5b728894-5487-11ec-97f2-acde48001122","code":"19060001000004103","display":"Pressure ulcer of left lower limb (disorder)","system":"http://snomed.info/sct","version":"2021"}', NULL);
INSERT INTO value_sets.history VALUES (425, '2021-12-03 22:21:29.338301+00', 'value_sets', 'expansion_member', 'INSERT', NULL, '{"expansion_uuid":"5b728894-5487-11ec-97f2-acde48001122","code":"243971001000119103","display":"Malignant melanoma of skin of right ankle (disorder)","system":"http://snomed.info/sct","version":"2021"}', NULL);
INSERT INTO value_sets.history VALUES (426, '2021-12-03 22:21:29.557115+00', 'value_sets', 'expansion_member', 'INSERT', NULL, '{"expansion_uuid":"5b728894-5487-11ec-97f2-acde48001122","code":"18630001000004100","display":"Infection of prosthesis of right hip (disorder)","system":"http://snomed.info/sct","version":"2021"}', NULL);
INSERT INTO value_sets.history VALUES (427, '2021-12-03 22:21:29.760242+00', 'value_sets', 'expansion_member', 'INSERT', NULL, '{"expansion_uuid":"5b728894-5487-11ec-97f2-acde48001122","code":"139566261000119101","display":"Deep tissue pressure injury of left heel (disorder)","system":"http://snomed.info/sct","version":"2021"}', NULL);
INSERT INTO value_sets.history VALUES (428, '2021-12-03 22:21:29.978933+00', 'value_sets', 'expansion_member', 'INSERT', NULL, '{"expansion_uuid":"5b728894-5487-11ec-97f2-acde48001122","code":"18310001000004100","display":"Fracture of distal end of right radius (disorder)","system":"http://snomed.info/sct","version":"2021"}', NULL);
INSERT INTO value_sets.history VALUES (429, '2021-12-03 22:21:30.19768+00', 'value_sets', 'expansion_member', 'INSERT', NULL, '{"expansion_uuid":"5b728894-5487-11ec-97f2-acde48001122","code":"959201281000119107","display":"Pressure injury of deep tissue of left buttock (disorder)","system":"http://snomed.info/sct","version":"2021"}', NULL);
INSERT INTO value_sets.history VALUES (430, '2021-12-03 22:21:30.416441+00', 'value_sets', 'expansion_member', 'INSERT', NULL, '{"expansion_uuid":"5b728894-5487-11ec-97f2-acde48001122","code":"133510681000119108","display":"Mass of left axillary region (finding)","system":"http://snomed.info/sct","version":"2021"}', NULL);
INSERT INTO value_sets.history VALUES (431, '2021-12-03 22:21:30.619611+00', 'value_sets', 'expansion_member', 'INSERT', NULL, '{"expansion_uuid":"5b728894-5487-11ec-97f2-acde48001122","code":"18230001000004102","display":"Closed fracture of left pilon (disorder)","system":"http://snomed.info/sct","version":"2021"}', NULL);
INSERT INTO value_sets.history VALUES (432, '2021-12-03 22:21:30.838321+00', 'value_sets', 'expansion_member', 'INSERT', NULL, '{"expansion_uuid":"5b728894-5487-11ec-97f2-acde48001122","code":"400375351000119102","display":"Malignant melanoma of skin of left ankle (disorder)","system":"http://snomed.info/sct","version":"2021"}', NULL);
INSERT INTO value_sets.history VALUES (433, '2021-12-03 22:21:31.072746+00', 'value_sets', 'expansion_member', 'INSERT', NULL, '{"expansion_uuid":"5b728894-5487-11ec-97f2-acde48001122","code":"104346171000119109","display":"Thrombophlebitis of right peroneal vein (disorder)","system":"http://snomed.info/sct","version":"2021"}', NULL);
INSERT INTO value_sets.history VALUES (434, '2021-12-03 22:21:31.29152+00', 'value_sets', 'expansion_member', 'INSERT', NULL, '{"expansion_uuid":"5b728894-5487-11ec-97f2-acde48001122","code":"17320001000004103","display":"Stenosis of left axillary vein (disorder)","system":"http://snomed.info/sct","version":"2021"}', NULL);
INSERT INTO value_sets.history VALUES (435, '2021-12-03 22:21:31.49458+00', 'value_sets', 'expansion_member', 'INSERT', NULL, '{"expansion_uuid":"5b728894-5487-11ec-97f2-acde48001122","code":"843433951000119102","display":"Acute deep venous thrombosis of right peroneal vein (disorder)","system":"http://snomed.info/sct","version":"2021"}', NULL);
INSERT INTO value_sets.history VALUES (436, '2021-12-03 22:21:31.713334+00', 'value_sets', 'expansion_member', 'INSERT', NULL, '{"expansion_uuid":"5b728894-5487-11ec-97f2-acde48001122","code":"98067641000119101","display":"Chronic deep venous thrombosis of right peroneal vein (disorder)","system":"http://snomed.info/sct","version":"2021"}', NULL);
INSERT INTO value_sets.history VALUES (437, '2021-12-03 22:21:31.932155+00', 'value_sets', 'expansion_member', 'INSERT', NULL, '{"expansion_uuid":"5b728894-5487-11ec-97f2-acde48001122","code":"561885931000119106","display":"Deep tissue pressure injury of right heel (disorder)","system":"http://snomed.info/sct","version":"2021"}', NULL);
INSERT INTO value_sets.history VALUES (438, '2021-12-03 22:21:32.135279+00', 'value_sets', 'expansion_member', 'INSERT', NULL, '{"expansion_uuid":"5b728894-5487-11ec-97f2-acde48001122","code":"16899701000119102","display":"Pain of joint of bilateral hands (finding)","system":"http://snomed.info/sct","version":"2021"}', NULL);
INSERT INTO value_sets.history VALUES (439, '2021-12-03 22:21:32.35405+00', 'value_sets', 'expansion_member', 'INSERT', NULL, '{"expansion_uuid":"5b728894-5487-11ec-97f2-acde48001122","code":"81121301000119109","display":"Acute deep venous thrombosis of bilateral peroneal veins (disorder)","system":"http://snomed.info/sct","version":"2021"}', NULL);
INSERT INTO value_sets.history VALUES (440, '2021-12-03 22:21:32.572725+00', 'value_sets', 'expansion_member', 'INSERT', NULL, '{"expansion_uuid":"5b728894-5487-11ec-97f2-acde48001122","code":"16898401000119104","display":"Closed mallet fracture of distal phalanx of middle finger of right hand (disorder)","system":"http://snomed.info/sct","version":"2021"}', NULL);
INSERT INTO value_sets.history VALUES (441, '2021-12-03 22:21:32.775895+00', 'value_sets', 'expansion_member', 'INSERT', NULL, '{"expansion_uuid":"5b728894-5487-11ec-97f2-acde48001122","code":"324946811000119102","display":"Pressure injury of deep tissue of right ankle (disorder)","system":"http://snomed.info/sct","version":"2021"}', NULL);
INSERT INTO value_sets.history VALUES (442, '2021-12-03 22:21:32.994606+00', 'value_sets', 'expansion_member', 'INSERT', NULL, '{"expansion_uuid":"5b728894-5487-11ec-97f2-acde48001122","code":"46557031000119105","display":"Acute deep venous thrombosis of left peroneal vein (disorder)","system":"http://snomed.info/sct","version":"2021"}', NULL);
INSERT INTO value_sets.history VALUES (443, '2021-12-03 22:21:33.213404+00', 'value_sets', 'expansion_member', 'INSERT', NULL, '{"expansion_uuid":"5b728894-5487-11ec-97f2-acde48001122","code":"16898361000119108","display":"Closed mallet fracture of distal phalanx of middle finger of left hand (disorder)","system":"http://snomed.info/sct","version":"2021"}', NULL);
INSERT INTO value_sets.history VALUES (444, '2021-12-03 22:21:33.416483+00', 'value_sets', 'expansion_member', 'INSERT', NULL, '{"expansion_uuid":"5b728894-5487-11ec-97f2-acde48001122","code":"32130001000004108","display":"Spur of ankle bone (disorder)","system":"http://snomed.info/sct","version":"2021"}', NULL);
INSERT INTO value_sets.history VALUES (445, '2021-12-03 22:21:33.635304+00', 'value_sets', 'expansion_member', 'INSERT', NULL, '{"expansion_uuid":"5b728894-5487-11ec-97f2-acde48001122","code":"16898321000119103","display":"Closed fracture of distal phalanx of ring finger of right hand (disorder)","system":"http://snomed.info/sct","version":"2021"}', NULL);
INSERT INTO value_sets.history VALUES (446, '2021-12-03 22:21:33.853995+00', 'value_sets', 'expansion_member', 'INSERT', NULL, '{"expansion_uuid":"5b728894-5487-11ec-97f2-acde48001122","code":"29750001000004107","display":"Supracondylar fracture of left humerus (disorder)","system":"http://snomed.info/sct","version":"2021"}', NULL);
INSERT INTO value_sets.history VALUES (447, '2021-12-03 22:21:34.057122+00', 'value_sets', 'expansion_member', 'INSERT', NULL, '{"expansion_uuid":"5b728894-5487-11ec-97f2-acde48001122","code":"16891571000119103","display":"Cyst of medial meniscus of left knee (disorder)","system":"http://snomed.info/sct","version":"2021"}', NULL);
INSERT INTO value_sets.history VALUES (448, '2021-12-03 22:21:34.275944+00', 'value_sets', 'expansion_member', 'INSERT', NULL, '{"expansion_uuid":"5b728894-5487-11ec-97f2-acde48001122","code":"892417201000119109","display":"Mass of right axillary region (finding)","system":"http://snomed.info/sct","version":"2021"}', NULL);
INSERT INTO value_sets.history VALUES (449, '2021-12-03 22:21:34.494625+00', 'value_sets', 'expansion_member', 'INSERT', NULL, '{"expansion_uuid":"5b728894-5487-11ec-97f2-acde48001122","code":"25860001000004107","display":"Fracture of head of right radius (disorder)","system":"http://snomed.info/sct","version":"2021"}', NULL);
INSERT INTO value_sets.history VALUES (450, '2021-12-03 22:21:34.697823+00', 'value_sets', 'expansion_member', 'INSERT', NULL, '{"expansion_uuid":"5b728894-5487-11ec-97f2-acde48001122","code":"16867081000119101","display":"Closed fracture of capitellum of left humerus (disorder)","system":"http://snomed.info/sct","version":"2021"}', NULL);
INSERT INTO value_sets.history VALUES (451, '2021-12-03 22:21:34.916518+00', 'value_sets', 'expansion_member', 'INSERT', NULL, '{"expansion_uuid":"5b728894-5487-11ec-97f2-acde48001122","code":"25820001000004100","display":"Deep venous thrombosis of left upper extremity (disorder)","system":"http://snomed.info/sct","version":"2021"}', NULL);
INSERT INTO value_sets.history VALUES (452, '2021-12-03 22:21:35.135331+00', 'value_sets', 'expansion_member', 'INSERT', NULL, '{"expansion_uuid":"5b728894-5487-11ec-97f2-acde48001122","code":"961792901000119102","display":"Thrombophlebitis of left peroneal vein (disorder)","system":"http://snomed.info/sct","version":"2021"}', NULL);
INSERT INTO value_sets.history VALUES (453, '2021-12-03 22:21:35.338393+00', 'value_sets', 'expansion_member', 'INSERT', NULL, '{"expansion_uuid":"5b728894-5487-11ec-97f2-acde48001122","code":"16866431000119108","display":"Closed fracture of capitellum of right humerus (disorder)","system":"http://snomed.info/sct","version":"2021"}', NULL);
INSERT INTO value_sets.history VALUES (454, '2021-12-03 22:21:35.557199+00', 'value_sets', 'expansion_member', 'INSERT', NULL, '{"expansion_uuid":"5b728894-5487-11ec-97f2-acde48001122","code":"23630001000004100","display":"Supracondylar fracture of right humerus (disorder)","system":"http://snomed.info/sct","version":"2021"}', NULL);
INSERT INTO value_sets.history VALUES (455, '2021-12-03 22:21:35.775977+00', 'value_sets', 'expansion_member', 'INSERT', NULL, '{"expansion_uuid":"5b728894-5487-11ec-97f2-acde48001122","code":"16839401000119104","display":"Low back pain co-occurrent with neuralgia of left sciatic nerve (disorder)","system":"http://snomed.info/sct","version":"2021"}', NULL);
INSERT INTO value_sets.history VALUES (456, '2021-12-03 22:21:35.979047+00', 'value_sets', 'expansion_member', 'INSERT', NULL, '{"expansion_uuid":"5b728894-5487-11ec-97f2-acde48001122","code":"23250001000004103","display":"Fracture of medial condyle of proximal right tibia (disorder)","system":"http://snomed.info/sct","version":"2021"}', NULL);
INSERT INTO value_sets.history VALUES (457, '2021-12-03 22:21:36.197864+00', 'value_sets', 'expansion_member', 'INSERT', NULL, '{"expansion_uuid":"5b728894-5487-11ec-97f2-acde48001122","code":"16819541000119108","display":"Spontaneous rupture of plantar fascia of left foot (disorder)","system":"http://snomed.info/sct","version":"2021"}', NULL);
INSERT INTO value_sets.history VALUES (458, '2021-12-03 22:21:36.416619+00', 'value_sets', 'expansion_member', 'INSERT', NULL, '{"expansion_uuid":"5b728894-5487-11ec-97f2-acde48001122","code":"22770001000004100","display":"Comminuted fracture of left humerus (disorder)","system":"http://snomed.info/sct","version":"2021"}', NULL);
INSERT INTO value_sets.history VALUES (459, '2021-12-03 22:21:36.635374+00', 'value_sets', 'expansion_member', 'INSERT', NULL, '{"expansion_uuid":"5b728894-5487-11ec-97f2-acde48001122","code":"939595491000119108","display":"Malignant melanoma of skin of right forearm (disorder)","system":"http://snomed.info/sct","version":"2021"}', NULL);
INSERT INTO value_sets.history VALUES (460, '2021-12-03 22:21:36.838503+00', 'value_sets', 'expansion_member', 'INSERT', NULL, '{"expansion_uuid":"5b728894-5487-11ec-97f2-acde48001122","code":"808558991000119105","display":"Malignant melanoma of skin of left forearm (disorder)","system":"http://snomed.info/sct","version":"2021"}', NULL);
INSERT INTO value_sets.history VALUES (461, '2021-12-03 22:21:37.057236+00', 'value_sets', 'expansion_member', 'INSERT', NULL, '{"expansion_uuid":"5b728894-5487-11ec-97f2-acde48001122","code":"392913311000119107","display":"Pressure injury of deep tissue of left hip (disorder)","system":"http://snomed.info/sct","version":"2021"}', NULL);
INSERT INTO value_sets.history VALUES (462, '2021-12-03 22:21:37.260384+00', 'value_sets', 'expansion_member', 'INSERT', NULL, '{"expansion_uuid":"5b728894-5487-11ec-97f2-acde48001122","code":"22120001000004107","display":"Nonunion fracture of right ulna (disorder)","system":"http://snomed.info/sct","version":"2021"}', NULL);
INSERT INTO value_sets.history VALUES (463, '2021-12-03 22:21:37.479119+00', 'value_sets', 'expansion_member', 'INSERT', NULL, '{"expansion_uuid":"5b728894-5487-11ec-97f2-acde48001122","code":"985355341000119101","display":"Malignant melanoma of skin of left wrist (disorder)","system":"http://snomed.info/sct","version":"2021"}', NULL);
INSERT INTO value_sets.history VALUES (464, '2021-12-03 22:21:37.682268+00', 'value_sets', 'expansion_member', 'INSERT', NULL, '{"expansion_uuid":"5b728894-5487-11ec-97f2-acde48001122","code":"21640001000004108","display":"Subtrochanteric fracture of left femur (disorder)","system":"http://snomed.info/sct","version":"2021"}', NULL);
INSERT INTO value_sets.history VALUES (465, '2021-12-03 22:21:37.900962+00', 'value_sets', 'expansion_member', 'INSERT', NULL, '{"expansion_uuid":"5b728894-5487-11ec-97f2-acde48001122","code":"856856651000119109","display":"Chronic deep venous thrombosis of left peroneal vein (disorder)","system":"http://snomed.info/sct","version":"2021"}', NULL);
INSERT INTO value_sets.history VALUES (466, '2021-12-03 22:21:38.119777+00', 'value_sets', 'expansion_member', 'INSERT', NULL, '{"expansion_uuid":"5b728894-5487-11ec-97f2-acde48001122","code":"21080001000004105","display":"Subchondral insufficiency fracture of condyle of femur (disorder)","system":"http://snomed.info/sct","version":"2021"}', NULL);


--
-- TOC entry 4533 (class 0 OID 56704)
-- Dependencies: 244
-- Data for Name: value_set; Type: TABLE DATA; Schema: value_sets; Owner: -
--

INSERT INTO value_sets.value_set VALUES ('24a78936-2142-11ec-9621-0242ac130002', 'test-breast-cancer', 'Test Elixahuser Vascular Conditions', 'Project Ronin', 'Rey', 'Test intensional value set for ICD-10 CM', false, true, 'testing', 'intensional');
INSERT INTO value_sets.value_set VALUES ('b1e42ad7-15f5-4680-8e87-2b178ea6b6d0', 'vs-test', 'vs-test', 'Project Ronin', 'Rey', 'a test', false, true, 'testing', 'intensional');
INSERT INTO value_sets.value_set VALUES ('328b1fc4-27a8-11ec-9621-0242ac130002', 'extensional-test', 'Extensional Value Set Test', 'Project Ronin', 'Rey', 'Test that extensional value sets work', false, true, 'testing', 'extensional');
INSERT INTO value_sets.value_set VALUES ('245ec81a-2857-11ec-9621-0242ac130002', 'rxnorm-test', 'RxNorm Test', 'Project Ronin', 'Rey and Hao', 'a test value set', false, true, 'testing', 'intensional');
INSERT INTO value_sets.value_set VALUES ('8d48aaf0-2b84-11ec-b01d-0513ed66d05f', 'test-rxnorm-source', 'Test RxNorm source rule', 'Project Ronin', 'Hao ', 'a test', false, true, 'testing code coverage ', 'intensional');
INSERT INTO value_sets.value_set VALUES ('d4b1f7c0-2ad0-11ec-b0da-99460ec1b519', 'test-arm-fracture', 'Test arm fractures', 'Project Ronin', 'Rey', 'ICD-10 CM arm fracture codes', false, true, 'testing', 'intensional');
INSERT INTO value_sets.value_set VALUES ('e1ba9050-4c8e-11ec-99d0-6d735801ea9a', 'bladder-cancer-combined', 'bladder-cancer-combined', 'Project Ronin', 'Stephen', 'SNOMED codes for bladder cancer', false, true, 'test if the ECL server works', 'intensional');
INSERT INTO value_sets.value_set VALUES ('51801230-52ec-11ec-89f4-eb5726153df6', 'Kidney Cancer Combined', 'Kidney Cancer Combined', 'Project Ronin', 'Stephen Weaver', 'This valueset contains the diagnosis codes for kidney cancer and diseases that are clinically treated as kidney cancer. It contains both ICD-10 and SNOMED.', false, false, 'This valueset is multipurpose and is used in the ED Risk model, BI patient categorization and to identify patients for implementation purposes.', 'intensional');


--
-- TOC entry 4535 (class 0 OID 86867)
-- Dependencies: 268
-- Data for Name: value_set_rule; Type: TABLE DATA; Schema: value_sets; Owner: -
--

INSERT INTO value_sets.value_set_rule VALUES ('49634a76-215b-11ec-9621-0242ac130002', 1, 'Rule for required codes', 'code', 'descendent-of', 'C79', true, 'f38a3352-214c-11ec-9621-0242ac130002', '0191c3e4-215b-11ec-9621-0242ac130002');
INSERT INTO value_sets.value_set_rule VALUES ('81836810-2227-11ec-9621-0242ac130002', 2, 'SNOMED inclusion rule', 'concept', 'is-a', '372137005', true, 'f38a3352-214c-11ec-9621-0242ac130002', '3b07a086-2227-11ec-9621-0242ac130002');
INSERT INTO value_sets.value_set_rule VALUES ('e601fa60-2ad6-11ec-b1de-000000000000', 1, 'Rule for required codes', 'code', 'descendent-of', 'C79', true, '153f18a0-2ad5-11ec-a4fa-61fa59153af6', '0191c3e4-215b-11ec-9621-0242ac130002');
INSERT INTO value_sets.value_set_rule VALUES ('e601fa61-2ad6-11ec-b1de-000000000000', 2, 'SNOMED inclusion rule', 'concept', 'is-a', '372137005', true, '153f18a0-2ad5-11ec-a4fa-61fa59153af6', '3b07a086-2227-11ec-9621-0242ac130002');
INSERT INTO value_sets.value_set_rule VALUES ('300189ca-cd45-477f-9f80-827b6bd19835', 1, 'RxNorm rule to specify source NDDF', 'SAB', '=', 'NDDF', true, '9348ec30-2b84-11ec-b8ef-596c3b427f0f', '85d038ea-2857-11ec-9621-0242ac130002');
INSERT INTO value_sets.value_set_rule VALUES ('304494db-23d2-4f40-bd89-e53dda98b392', 2, 'RxNorm rule to specify relationship', 'RB', '=', 'CUI: 3639', true, '9348ec30-2b84-11ec-b8ef-596c3b427f0f', '85d038ea-2857-11ec-9621-0242ac130002');
INSERT INTO value_sets.value_set_rule VALUES ('20356954-2859-11ec-9621-0242ac130002', 1, 'RxNorm rule to specify relationship type ', 'part_of', '=', 'CUI:161', true, '64c5d2c2-2857-11ec-9621-0242ac130002', '85d038ea-2857-11ec-9621-0242ac130002');
INSERT INTO value_sets.value_set_rule VALUES ('2d6e43bb-4753-41c5-a6a5-c3d6161b444c', 3, 'RxNorm rule to specify term type', 'TTY', '=', 'SCD', true, '9348ec30-2b84-11ec-b8ef-596c3b427f0f', '85d038ea-2857-11ec-9621-0242ac130002');
INSERT INTO value_sets.value_set_rule VALUES ('e99ec390-2baf-11ec-a5e2-a5f73bd175e4', NULL, 'Fracture regex rule', 'display', 'regex', 'fracture', true, 'ff23f850-2b9d-11ec-82f9-07cc672f6488', '0191c3e4-215b-11ec-9621-0242ac130002');
INSERT INTO value_sets.value_set_rule VALUES ('6519d9b0-4c8f-11ec-9e27-711bbf081e00', NULL, 'SNOMED bladder cancer codes', 'ecl', '=', '<< 399326009 |Malignant tumor of urinary bladder (disorder)| MINUS << 128462008 |Secondary malignant neoplastic disease (disorder)|', true, 'e6445e30-4c8e-11ec-9b89-3d7148967d21', '3b07a086-2227-11ec-9621-0242ac130002');
INSERT INTO value_sets.value_set_rule VALUES ('0c455580-52ed-11ec-80d5-f7c3aabec26a', NULL, 'Include Kidney Cancer Codes', 'code', 'descendant-of', 'C64', true, '6c2e5ce0-52ec-11ec-b9db-4b5741b59f6a', '0191c3e4-215b-11ec-9621-0242ac130002');
INSERT INTO value_sets.value_set_rule VALUES ('26462cb0-52ee-11ec-80d5-f7c3aabec26a', NULL, 'Exclude Sarcoma of Kidney', 'ecl', '=', '254918001', false, '6c2e5ce0-52ec-11ec-b9db-4b5741b59f6a', '3b07a086-2227-11ec-9621-0242ac130002');
INSERT INTO value_sets.value_set_rule VALUES ('834b7fa0-52ee-11ec-80d5-f7c3aabec26a', NULL, 'Exclude Secondary Kidney Cancer Codes', 'ecl', 'descendant-of', '94360002', false, '6c2e5ce0-52ec-11ec-b9db-4b5741b59f6a', '3b07a086-2227-11ec-9621-0242ac130002');
INSERT INTO value_sets.value_set_rule VALUES ('abfad7c0-52ee-11ec-80d5-f7c3aabec26a', NULL, 'Include children of Malignant Tumor of the Kidney Cancer', 'ecl', 'descendant-of', '363518003', true, '6c2e5ce0-52ec-11ec-b9db-4b5741b59f6a', '3b07a086-2227-11ec-9621-0242ac130002');
INSERT INTO value_sets.value_set_rule VALUES ('f360f770-5483-11ec-81d3-4957c6ed3cdf', NULL, '', 'ecl', '=', '<< 404684003|Clinical finding| : 363698007|Finding site| = <<66019005|Limb structure| ', true, '7d7fe5f4-216f-4cb3-bba5-50378298bd96', '3b07a086-2227-11ec-9621-0242ac130002');


--
-- TOC entry 4534 (class 0 OID 56716)
-- Dependencies: 245
-- Data for Name: value_set_version; Type: TABLE DATA; Schema: value_sets; Owner: -
--

INSERT INTO value_sets.value_set_version VALUES ('529ef7a0-4241-11ec-bec2-fbf6ebf76a60', '2022-01-01', '2022-12-31', '24a78936-2142-11ec-9621-0242ac130002', 'Draft', 'New version', '2021-11-10', 3);
INSERT INTO value_sets.value_set_version VALUES ('153f18a0-2ad5-11ec-a4fa-61fa59153af6', '2021-01-01', '2021-12-31', '24a78936-2142-11ec-9621-0242ac130002', 'Draft', 'new version', '2021-11-09', 1);
INSERT INTO value_sets.value_set_version VALUES ('64c5d2c2-2857-11ec-9621-0242ac130002', '2021-01-01', '2021-12-31', '245ec81a-2857-11ec-9621-0242ac130002', 'Draft', 'initial version', '2021-11-09', 1);
INSERT INTO value_sets.value_set_version VALUES ('7d7fe5f4-216f-4cb3-bba5-50378298bd96', '2020-01-01', '2022-01-01', 'b1e42ad7-15f5-4680-8e87-2b178ea6b6d0', 'Draft', 'test version', '2021-11-09', 1);
INSERT INTO value_sets.value_set_version VALUES ('9348ec30-2b84-11ec-b8ef-596c3b427f0f', '2021-10-12', '2022-10-12', '8d48aaf0-2b84-11ec-b01d-0513ed66d05f', 'Draft', 'hao test', '2021-11-09', 1);
INSERT INTO value_sets.value_set_version VALUES ('987ffe8a-27a8-11ec-9621-0242ac130002', '2021-01-01', '2021-12-31', '328b1fc4-27a8-11ec-9621-0242ac130002', 'Draft', 'version 1', '2021-11-09', 1);
INSERT INTO value_sets.value_set_version VALUES ('ff23f850-2b9d-11ec-82f9-07cc672f6488', '2021-01-01', '2021-12-31', 'd4b1f7c0-2ad0-11ec-b0da-99460ec1b519', 'Draft', 'initial version', '2021-11-09', 1);
INSERT INTO value_sets.value_set_version VALUES ('f38a3352-214c-11ec-9621-0242ac130002', '2021-01-01', '2021-12-31', '24a78936-2142-11ec-9621-0242ac130002', 'Active', 'initial version of test value set', '2021-11-09', 2);
INSERT INTO value_sets.value_set_version VALUES ('e6445e30-4c8e-11ec-9b89-3d7148967d21', '2021-01-01', '2021-12-31', 'e1ba9050-4c8e-11ec-99d0-6d735801ea9a', 'Draft', 'initial version', '2021-11-23', 1);
INSERT INTO value_sets.value_set_version VALUES ('6c2e5ce0-52ec-11ec-b9db-4b5741b59f6a', '2021-12-01', NULL, '51801230-52ec-11ec-89f4-eb5726153df6', 'Draft', 'First version of valueset', '2021-12-01', 1);


--
-- TOC entry 4545 (class 0 OID 0)
-- Dependencies: 242
-- Name: value_set_history_id_seq; Type: SEQUENCE SET; Schema: value_sets; Owner: -
--

-- SELECT pg_catalog.setval('value_sets.value_set_history_id_seq', 466, true);


-- --
-- -- TOC entry 4392 (class 2606 OID 89428)
-- -- Name: expansion expansion_pkey; Type: CONSTRAINT; Schema: value_sets; Owner: -
-- --

-- ALTER TABLE ONLY value_sets.expansion
--     ADD CONSTRAINT expansion_pkey PRIMARY KEY (uuid);


-- --
-- -- TOC entry 4394 (class 2606 OID 89543)
-- -- Name: extensional_member extensional_members_pkey; Type: CONSTRAINT; Schema: value_sets; Owner: -
-- --

-- ALTER TABLE ONLY value_sets.extensional_member
--     ADD CONSTRAINT extensional_members_pkey PRIMARY KEY (uuid);


-- --
-- -- TOC entry 4382 (class 2606 OID 109070)
-- -- Name: value_set unique_name; Type: CONSTRAINT; Schema: value_sets; Owner: -
-- --

-- ALTER TABLE ONLY value_sets.value_set
--     ADD CONSTRAINT unique_name UNIQUE (name) INCLUDE (name);


-- --
-- -- TOC entry 4384 (class 2606 OID 56737)
-- -- Name: value_set unique_uuid; Type: CONSTRAINT; Schema: value_sets; Owner: -
-- --

-- ALTER TABLE ONLY value_sets.value_set
--     ADD CONSTRAINT unique_uuid UNIQUE (uuid) INCLUDE (uuid);


-- --
-- -- TOC entry 4380 (class 2606 OID 56703)
-- -- Name: history value_set_history_pkey; Type: CONSTRAINT; Schema: value_sets; Owner: -
-- --

-- ALTER TABLE ONLY value_sets.history
--     ADD CONSTRAINT value_set_history_pkey PRIMARY KEY (id);


-- --
-- -- TOC entry 4386 (class 2606 OID 56711)
-- -- Name: value_set value_set_pkey; Type: CONSTRAINT; Schema: value_sets; Owner: -
-- --

-- ALTER TABLE ONLY value_sets.value_set
--     ADD CONSTRAINT value_set_pkey PRIMARY KEY (uuid);


-- --
-- -- TOC entry 4390 (class 2606 OID 86874)
-- -- Name: value_set_rule value_set_rule_pkey; Type: CONSTRAINT; Schema: value_sets; Owner: -
-- --

-- ALTER TABLE ONLY value_sets.value_set_rule
--     ADD CONSTRAINT value_set_rule_pkey PRIMARY KEY (uuid);


-- --
-- -- TOC entry 4388 (class 2606 OID 56723)
-- -- Name: value_set_version value_set_version_pkey; Type: CONSTRAINT; Schema: value_sets; Owner: -
-- --

-- ALTER TABLE ONLY value_sets.value_set_version
--     ADD CONSTRAINT value_set_version_pkey PRIMARY KEY (uuid);


-- --
-- -- TOC entry 4375 (class 2606 OID 94569)
-- -- Name: value_set vs_type; Type: CHECK CONSTRAINT; Schema: value_sets; Owner: -
-- --

-- ALTER TABLE value_sets.value_set
--     ADD CONSTRAINT vs_type CHECK (((type)::text = ANY ((ARRAY['intensional'::character varying, 'extensional'::character varying])::text[]))) NOT VALID;


-- --
-- -- TOC entry 4405 (class 2620 OID 89548)
-- -- Name: expansion vs_log; Type: TRIGGER; Schema: value_sets; Owner: -
-- --

-- CREATE TRIGGER vs_log BEFORE INSERT OR DELETE OR UPDATE ON value_sets.expansion FOR EACH ROW EXECUTE PROCEDURE value_sets.vs_change_trigger();


-- --
-- -- TOC entry 4406 (class 2620 OID 89547)
-- -- Name: expansion_member vs_log; Type: TRIGGER; Schema: value_sets; Owner: -
-- --

-- CREATE TRIGGER vs_log BEFORE INSERT OR DELETE OR UPDATE ON value_sets.expansion_member FOR EACH ROW EXECUTE PROCEDURE value_sets.vs_change_trigger();


-- --
-- -- TOC entry 4407 (class 2620 OID 89546)
-- -- Name: extensional_member vs_log; Type: TRIGGER; Schema: value_sets; Owner: -
-- --

-- CREATE TRIGGER vs_log BEFORE INSERT OR DELETE OR UPDATE ON value_sets.extensional_member FOR EACH ROW EXECUTE PROCEDURE value_sets.vs_change_trigger();


-- --
-- -- TOC entry 4402 (class 2620 OID 56738)
-- -- Name: value_set vs_log; Type: TRIGGER; Schema: value_sets; Owner: -
-- --

-- CREATE TRIGGER vs_log BEFORE INSERT OR DELETE OR UPDATE ON value_sets.value_set FOR EACH ROW EXECUTE PROCEDURE value_sets.vs_change_trigger();


-- --
-- -- TOC entry 4404 (class 2620 OID 89544)
-- -- Name: value_set_rule vs_log; Type: TRIGGER; Schema: value_sets; Owner: -
-- --

-- CREATE TRIGGER vs_log BEFORE INSERT OR DELETE OR UPDATE ON value_sets.value_set_rule FOR EACH ROW EXECUTE PROCEDURE value_sets.vs_change_trigger();


-- --
-- -- TOC entry 4403 (class 2620 OID 56758)
-- -- Name: value_set_version vs_log; Type: TRIGGER; Schema: value_sets; Owner: -
-- --

-- CREATE TRIGGER vs_log BEFORE INSERT OR DELETE OR UPDATE ON value_sets.value_set_version FOR EACH ROW EXECUTE PROCEDURE value_sets.vs_change_trigger();


-- --
-- -- TOC entry 4399 (class 2606 OID 89435)
-- -- Name: expansion_member expansion_fk; Type: FK CONSTRAINT; Schema: value_sets; Owner: -
-- --

-- ALTER TABLE ONLY value_sets.expansion_member
--     ADD CONSTRAINT expansion_fk FOREIGN KEY (expansion_uuid) REFERENCES value_sets.expansion(uuid);


-- --
-- -- TOC entry 4395 (class 2606 OID 56753)
-- -- Name: value_set_version foreign_key; Type: FK CONSTRAINT; Schema: value_sets; Owner: -
-- --

-- ALTER TABLE ONLY value_sets.value_set_version
--     ADD CONSTRAINT foreign_key FOREIGN KEY (value_set_uuid) REFERENCES value_sets.value_set(uuid) NOT VALID;


-- --
-- -- TOC entry 4396 (class 2606 OID 87677)
-- -- Name: value_set_rule terminology_fk; Type: FK CONSTRAINT; Schema: value_sets; Owner: -
-- --

-- ALTER TABLE ONLY value_sets.value_set_rule
--     ADD CONSTRAINT terminology_fk FOREIGN KEY (terminology_version) REFERENCES public.terminology_versions(uuid) NOT VALID;


-- --
-- -- TOC entry 4400 (class 2606 OID 94573)
-- -- Name: extensional_member terminology_ver_fk; Type: FK CONSTRAINT; Schema: value_sets; Owner: -
-- --

-- ALTER TABLE ONLY value_sets.extensional_member
--     ADD CONSTRAINT terminology_ver_fk FOREIGN KEY (terminology_version_uuid) REFERENCES public.terminology_versions(uuid) NOT VALID;


-- --
-- -- TOC entry 4398 (class 2606 OID 89441)
-- -- Name: expansion vs_ver_fk; Type: FK CONSTRAINT; Schema: value_sets; Owner: -
-- --

-- ALTER TABLE ONLY value_sets.expansion
--     ADD CONSTRAINT vs_ver_fk FOREIGN KEY (vs_version_uuid) REFERENCES value_sets.value_set_version(uuid) NOT VALID;


-- --
-- -- TOC entry 4397 (class 2606 OID 86875)
-- -- Name: value_set_rule vs_version_fk; Type: FK CONSTRAINT; Schema: value_sets; Owner: -
-- --

-- ALTER TABLE ONLY value_sets.value_set_rule
--     ADD CONSTRAINT vs_version_fk FOREIGN KEY (value_set_version) REFERENCES value_sets.value_set_version(uuid);


-- --
-- -- TOC entry 4401 (class 2606 OID 94561)
-- -- Name: extensional_member vs_version_fk; Type: FK CONSTRAINT; Schema: value_sets; Owner: -
-- --

-- ALTER TABLE ONLY value_sets.extensional_member
--     ADD CONSTRAINT vs_version_fk FOREIGN KEY (vs_version_uuid) REFERENCES value_sets.value_set_version(uuid) NOT VALID;


-- -- Completed on 2021-12-03 15:56:59 MST

-- --
-- -- PostgreSQL database dump complete
-- --

